AirportId,Iata,Latitude,Longitude,Timezone
10001,01A,58.10944444,-152.90666667,America/Anchorage
10003,03A,65.54805556,-161.07166667,America/Anchorage
10004,04A,68.08333333,-163.16666667,America/Nome
10005,05A,67.57,-148.18388889,America/Anchorage
10006,06A,57.74527778,-152.88277778,America/Anchorage
10007,07A,55.55472222,-133.10166667,America/Sitka
10008,08A,59.15694444,-151.82916667,America/Anchorage
10009,09A,59.36277778,-153.43055556,America/Anchorage
10010,1B1,42.29138889,-73.71027778,America/New_York
10011,1G4,35.98611111,-113.81694444,America/Phoenix
10012,1N7,40.97111111,-74.9975,America/New_York
10013,8F3,33.62388889,-101.24083333,America/Chicago
10014,A01,64.36361111,-147.36527778,America/Anchorage
10015,A02,57.06666667,-153.93777778,America/Anchorage
10016,A03,58.4575,-154.02333333,America/Anchorage
10017,A04,57.27722222,-154.34222222,America/Anchorage
10018,A05,61.96388889,-151.55583333,America/Anchorage
10019,A06,65.65555556,-165.35638889,America/Nome
10020,A07,66.76611111,-160.15277778,America/Anchorage
10021,A08,56.59805556,-134.24277778,America/Sitka
10022,A09,60.48166667,-146.58416667,America/Anchorage
10023,KTH,59.95555556,-158.48055556,America/Anchorage
10024,A11,60.78388889,-159.54027778,America/Anchorage
10025,A12,60.78527778,-158.86444444,America/Anchorage
10026,A13,61.39027778,-157.99555556,America/Anchorage
10027,A14,61.18888889,-159.85833333,America/Anchorage
10028,A15,70.71555556,-154.40694444,America/Anchorage
10029,A16,70.74694444,-155.36083333,America/Anchorage
10030,A17,58.06555556,-153.0725,America/Anchorage
10031,A18,63.54111111,-150.995,America/Anchorage
10033,A20,70.34416667,-150.94472222,America/Anchorage
10034,A21,65.85138889,-164.70277778,America/Nome
10035,A22,53.97277778,-166.85694444,America/Nome
10036,A23,59.77611111,-151.96361111,America/Anchorage
10037,A24,59.33166667,-135.89666667,America/Juneau
10038,A25,59.28833333,-136.17388889,America/Juneau
10039,A26,68.48333333,-155.73333333,America/Anchorage
10040,A27,64.44,-144.93638889,America/Anchorage
10041,A28,57.25388889,-154.42222222,America/Anchorage
10042,A29,57.32305556,-153.14944444,America/Anchorage
10043,A30,57.96388889,-153.05833333,America/Anchorage
10044,A31,58.98277778,-153.18333333,America/Anchorage
10047,A34,58.36194444,-152.31222222,America/Anchorage
10049,A36,55.56027778,-131.65555556,America/Sitka
10050,A37,61.89888889,-161.43972222,America/Anchorage
10051,A38,64.09722222,-143.26666667,America/Anchorage
10052,A39,61.86611111,-141.15972222,America/Anchorage
10053,A40,71.05694444,-154.72833333,America/Anchorage
10054,A41,70.57472222,-152.25888889,America/Anchorage
10055,A42,70.35833333,-153.19666667,America/Anchorage
10056,A43,57.78083333,-152.39111111,America/Anchorage
10058,A45,57.81666667,-134.58333333,America/Juneau
10059,A46,57.7,-134.26666667,America/Juneau
10060,A47,57.61666667,-134.36666667,America/Juneau
10061,A48,57.15,-153.15,America/Anchorage
10062,A49,70.28444444,-152.21194444,America/Anchorage
10063,A50,58.5625,-152.59611111,America/Anchorage
10064,A51,64.35277778,-151.275,America/Anchorage
10065,A52,59.96388889,-152.68222222,America/Anchorage
10066,A53,64.33333333,-147.5,America/Anchorage
10067,A54,53.68333333,-166.75,America/Nome
10069,A56,56.03666667,-160.26611111,America/Anchorage
10070,A57,58.26666667,-157.53333333,America/Anchorage
10071,A58,64.5,-151.66666667,America/Anchorage
10072,A59,68.48777778,-155.7575,America/Anchorage
10074,A61,54.5825,-164.91444444,America/Nome
10075,A62,60.86777778,-157.39194444,America/Anchorage
10076,A63,65.31166667,-143.13416667,America/Anchorage
10078,A65,57.53833333,-154.16444444,America/Anchorage
10079,A66,60.90722222,-149.62277778,America/Anchorage
10080,A67,57.84944444,-153.11527778,America/Anchorage
10082,A69,55.74,-162.12527778,America/Nome
10083,A70,57.77416667,-153.54472222,America/Anchorage
10084,A71,59.73833333,-151.03,America/Anchorage
10085,A72,59.83333333,-152.58472222,America/Anchorage
10086,A73,63.7325,-148.91055556,America/Anchorage
10087,A74,59.24111111,-151.87722222,America/Anchorage
10088,A75,58.17194444,-152.89416667,America/Anchorage
10089,A76,58.46444444,-152.59305556,America/Anchorage
10090,A77,57.34333333,-152.89722222,America/Anchorage
10091,A78,71.03,-154.44361111,America/Anchorage
10092,A79,71.50166667,-154.03388889,Etc/GMT+10
10093,A80,70.57388889,-155.32138889,America/Anchorage
10094,A81,70.66277778,-154.83666667,America/Anchorage
10095,A82,60.69027778,-151.28888889,America/Anchorage
10096,A83,59.37638889,-150.765,America/Anchorage
10097,A84,63.75555556,-147.93,America/Anchorage
10098,A85,61.85944444,-154.27666667,America/Anchorage
10100,A87,58.58305556,-152.44583333,America/Anchorage
10102,A89,59.925,-147.51666667,America/Anchorage
10103,A90,59.03916667,-158.46388889,America/Anchorage
10104,A91,69.15555556,-163.49722222,America/Nome
10105,A92,69.14805556,-163.51027778,America/Nome
10106,A93,59.79166667,-151.26666667,America/Anchorage
10107,A94,70.57416667,-155.31805556,America/Anchorage
10108,A95,70.31194444,-153.24916667,America/Anchorage
10109,A96,70.98083333,-157.095,America/Anchorage
10110,A97,68.98555556,-163.47972222,America/Nome
10111,A98,69.17083333,-163.25638889,America/Nome
10112,A99,68.67666667,-162.64694444,America/Nome
10113,AA1,59.95277778,-162.61694444,America/Nome
10116,AA4,59.63333333,-151.20833333,America/Anchorage
10117,AA5,66.95583333,-155.615,America/Anchorage
10122,AAF,29.72638889,-85.025,America/New_York
10135,ABE,40.65166667,-75.44277778,America/New_York
10136,ABI,32.40833333,-99.6825,America/Chicago
10139,ABL,67.0875,-157.84583333,America/Anchorage
10140,ABQ,35.03805556,-106.61,America/Denver
10141,ABR,45.44666667,-98.42305556,America/Chicago
10146,ABY,31.53555556,-84.19444444,America/New_York
10149,ACB,44.98861111,-85.19833333,America/Detroit
10154,ACK,41.25333333,-70.06055556,America/New_York
10155,ACT,31.60416667,-97.22972222,America/Chicago
10157,ACV,40.97777778,-124.10833333,America/Los_Angeles
10158,ACY,39.45916667,-74.57861111,America/New_York
10165,ADK,51.88361111,-176.6425,America/Adak
10167,ADM,34.30305556,-97.02111111,America/Chicago
10170,ADQ,57.74972222,-152.49388889,America/Anchorage
10171,ADS,32.96861111,-96.83638889,America/Chicago
10172,ADW,38.81083333,-76.86694444,America/New_York
10176,AED,58.03333333,-152.9,America/Anchorage
10184,AET,66.55194444,-152.62222222,America/Anchorage
10185,AEX,31.32333333,-92.54694444,America/Chicago
10189,AFF,38.97361111,-104.81972222,America/Denver
10190,AFK,40.60666667,-95.86666667,America/Chicago
10191,AFO,42.70888889,-110.94222222,America/Denver
10192,AFP,35.02055556,-80.07722222,America/New_York
10194,AFW,32.99027778,-97.31944444,America/Chicago
10198,AGC,40.35416667,-79.9275,America/New_York
10204,AGN,57.50388889,-134.58333333,America/Juneau
10208,AGS,33.37,-81.96444444,America/New_York
10215,AHD,34.14694444,-97.12277778,America/Chicago
10216,AHN,33.94861111,-83.32583333,America/New_York
10219,AHT,51.37861111,179.25861111,America/Adak
10221,AIA,42.05361111,-102.80333333,America/Denver
10222,AIB,56.19,-132.44583333,America/Sitka
10223,AID,40.10861111,-85.61305556,America/Indiana/Indianapolis
10224,AIK,33.64944444,-81.685,America/New_York
10225,AIN,70.63805556,-159.99472222,America/Anchorage
10227,AIY,39.36,-74.45722222,America/New_York
10228,AIZ,38.09611111,-92.54944444,America/Chicago
10237,AKB,52.22055556,-174.20611111,America/Adak
10238,AKC,41.0375,-81.46777778,America/New_York
10241,AKI,60.90277778,-161.23055556,America/Anchorage
10243,AKK,56.93861111,-154.1825,America/Anchorage
10245,AKN,58.67805556,-156.65194444,America/Anchorage
10246,AKO,40.17555556,-103.22194444,America/Denver
10247,AKP,68.13361111,-151.74333333,America/Anchorage
10253,AL1,34.22916667,-86.25583333,America/Chicago
10254,AL2,33.17777778,-86.78333333,America/Chicago
10255,AL3,34.85944444,-86.5575,America/Chicago
10257,ALB,42.74916667,-73.80472222,America/New_York
10259,ALE,30.38416667,-103.68361111,America/Chicago
10263,ALI,27.74083333,-98.02694444,America/Chicago
10266,ALM,32.83777778,-105.99305556,America/Denver
10267,ALN,38.89416667,-90.05194444,America/Chicago
10268,ALO,42.56055556,-92.4025,America/Chicago
10272,ALS,37.435,-105.86777778,America/Denver
10275,ALW,46.0925,-118.28416667,America/Los_Angeles
10276,ALX,32.91472222,-85.96305556,America/Chicago
10278,ALZ,56.89583333,-154.24583333,America/Anchorage
10279,AMA,35.23166667,-101.69916667,America/Chicago
10285,AMK,37.20305556,-107.86916667,America/Denver
10288,AMN,43.32222222,-84.68805556,America/Detroit
10294,AMW,41.99194444,-93.62194444,America/Chicago
10297,ANA,33.81666667,-117.93333333,America/Los_Angeles
10298,ANB,33.58805556,-85.85805556,America/Chicago
10299,ANC,61.17416667,-149.99805556,America/Anchorage
10300,AND,34.49472222,-82.70944444,America/New_York
10304,ANI,61.58138889,-159.54527778,America/Anchorage
10307,ANN,55.04222222,-131.57083333,America/Metlakatla
10309,ANP,38.94277778,-76.56833333,America/New_York
10313,ANV,62.64722222,-160.19,America/Anchorage
10317,AOH,40.70694444,-84.02833333,America/New_York
10322,AOO,40.29638889,-78.32,America/New_York
10324,AOS,57.45472222,-153.81305556,America/Anchorage
10325,APA,39.57,-104.84805556,America/Denver
10327,APC,38.21305556,-122.28055556,America/Los_Angeles
10329,APF,26.1525,-81.77555556,America/New_York
10330,APG,39.46555556,-76.16833333,America/New_York
10333,APN,45.07805556,-83.56027778,America/Detroit
10336,APT,35.06055556,-85.58527778,America/Chicago
10337,APV,34.57527778,-117.18611111,America/Los_Angeles
10344,AQY,60.96888889,-149.11944444,America/Anchorage
10345,AR1,35.25916667,-93.0925,America/Chicago
10346,AR2,35.08111111,-92.42444444,America/Chicago
10347,ARA,30.03777778,-91.88388889,America/Chicago
10348,ARB,42.22305556,-83.74583333,America/Detroit
10349,ARC,68.11472222,-145.57944444,America/Anchorage
10351,ARE,18.45083333,-66.67555556,America/Puerto_Rico
10352,ARG,36.12472222,-90.925,America/Chicago
10361,ART,43.99194444,-76.01944444,America/New_York
10363,ARV,45.92805556,-89.73083333,America/Chicago
10365,ARX,40.18333333,-74.11666667,America/New_York
10372,ASE,39.22194444,-106.86833333,America/Denver
10374,ASH,42.7825,-71.51416667,America/New_York
10378,ASL,32.52055556,-94.30777778,America/Chicago
10380,ASN,33.56944444,-86.05111111,America/Chicago
10383,ASQ,39.46805556,-117.1975,America/Los_Angeles
10385,AST,46.15805556,-123.87861111,America/Los_Angeles
10388,ASX,46.54861111,-90.91888889,America/Chicago
10389,ASY,46.02305556,-99.35277778,America/Chicago
10393,ATE,34.1925,-95.65,America/Chicago
10396,ATK,70.46722222,-157.43555556,America/Anchorage
10397,ATL,33.63666667,-84.42805556,America/New_York
10400,ATO,39.21194444,-82.22916667,America/New_York
10404,ATS,32.85194444,-104.4675,America/Denver
10405,ATT,60.86777778,-162.27416667,America/Nome
10406,ATU,52.8325,173.17555556,America/Adak
10408,ATW,44.25805556,-88.51916667,America/Chicago
10409,ATY,44.91388889,-97.15472222,America/Chicago
10414,AUG,44.31777778,-69.79666667,America/New_York
10416,AUK,62.68305556,-164.72222222,America/Nome
10417,AUM,43.66277778,-92.93305556,America/Chicago
10418,AUN,38.95472222,-121.08166667,America/Los_Angeles
10419,AUO,32.61916667,-85.43611111,America/Chicago
10423,AUS,30.19444444,-97.67,America/Chicago
10424,AUW,44.92638889,-89.62694444,America/Chicago
10427,AUZ,41.77194444,-88.47527778,America/Chicago
10431,AVL,35.43611111,-82.54194444,America/New_York
10433,AVO,27.59138889,-81.52888889,America/New_York
10434,AVP,41.34027778,-75.72166667,America/New_York
10436,AVW,32.40944444,-111.21833333,America/Phoenix
10437,AVX,33.405,-118.41583333,America/Los_Angeles
10439,AWK,19.2825,166.63666667,Pacific/Wake
10440,AWM,35.135,-90.23444444,America/Chicago
10442,AWX,32.33083333,-102.52972222,America/Chicago
10445,AXB,44.31666667,-75.89972222,America/New_York
10449,AXN,45.86638889,-95.39472222,America/Chicago
10451,AXS,34.69888889,-99.33833333,America/Chicago
10454,AXV,40.49361111,-84.29805556,America/New_York
10455,AXX,36.42194444,-105.29,America/Denver
10460,AYS,31.24833333,-82.39527778,America/New_York
10463,AZ1,35.65055556,-112.14805556,America/Phoenix
10464,AZ2,35.30555556,-112.19444444,America/Phoenix
10465,AZ3,33.52694444,-112.29527778,America/Phoenix
10466,AZA,33.30777778,-111.65527778,America/Phoenix
10469,AZO,42.23583333,-85.55388889,America/Detroit
10471,B19,43.46416667,-70.4725,America/New_York
10472,B21,45.08527778,-70.21638889,America/New_York
10474,BAB,39.13611111,-121.43666667,America/Los_Angeles
10476,BAD,32.50194444,-93.6625,America/Chicago
10478,BAF,42.15805556,-72.71583333,America/New_York
10484,BAM,40.59972222,-116.87611111,America/Los_Angeles
10487,BAR,55.36666667,-133.6,America/Sitka
10494,BBC,28.97333333,-95.86333333,America/Chicago
10495,BBF,42.50833333,-71.18333333,America/New_York
10504,BBX,40.1375,-75.26527778,America/New_York
10508,BCB,37.20944444,-80.41222222,America/New_York
10509,BCC,57.6175,-155.86722222,America/Anchorage
10511,BCE,37.70638889,-112.14583333,America/Denver
10514,BCJ,37.96666667,-105.76666667,America/Denver
10518,BCS,29.86611111,-90.02222222,America/Chicago
10519,BCT,26.37083333,-80.10833333,America/New_York
10523,BDE,48.73027778,-94.61111111,America/Chicago
10524,BDG,37.58333333,-109.48333333,America/Denver
10529,BDL,41.93916667,-72.68444444,America/New_York
10535,BDR,41.16361111,-73.12611111,America/New_York
10538,BDY,43.08638889,-124.40777778,America/Los_Angeles
10540,BED,42.47083333,-71.28944444,America/New_York
10543,BEH,42.12833333,-86.425,America/Detroit
10551,BET,60.77861111,-161.83722222,America/Anchorage
10556,BFB,58.18333333,-152.13333333,America/Anchorage
10557,BFD,41.80305556,-78.64,America/New_York
10558,BFF,41.87416667,-103.59555556,America/Denver
10559,BFI,47.53,-122.30194444,America/Los_Angeles
10560,BFK,39.70166667,-104.75166667,America/Denver
10561,BFL,35.43361111,-119.0575,America/Los_Angeles
10562,BFM,30.61916667,-88.06583333,America/Chicago
10565,BFP,40.7725,-80.39138889,America/New_York
10567,BFR,38.84,-86.44527778,America/Indiana/Indianapolis
10569,BFT,32.41222222,-80.63444444,America/New_York
10572,BGD,35.70083333,-101.39361111,America/Chicago
10573,BGE,30.97166667,-84.63694444,America/New_York
10577,BGM,42.20833333,-75.97972222,America/New_York
10580,BGQ,61.53472222,-149.8125,America/Anchorage
10581,BGR,44.8075,-68.82805556,America/New_York
10582,BGS,32.2125,-101.52166667,America/Chicago
10583,BGT,34.59277778,-113.17194444,America/Phoenix
10589,BHB,44.45222222,-68.36194444,America/New_York
10590,IFP,35.15472222,-114.55944444,America/Phoenix
10599,BHM,33.56388889,-86.75222222,America/Chicago
10612,BIC,57.66666667,-157.58333333,America/Anchorage
10613,BID,41.16805556,-71.57777778,America/New_York
10614,BIE,40.30138889,-96.75416667,America/Chicago
10615,BIF,31.84944444,-106.38,America/Denver
10616,BIG,63.99527778,-145.72027778,America/Anchorage
10617,BIH,37.37305556,-118.36361111,America/Los_Angeles
10620,BIL,45.80777778,-108.54361111,America/Denver
10627,BIS,46.76861111,-100.74138889,America/Chicago
10629,BIX,30.41055556,-88.92444444,America/Chicago
10630,BJC,39.90888889,-105.11694444,America/Denver
10631,BJI,47.51083333,-94.93472222,America/Chicago
10632,BJJ,40.87472222,-81.88833333,America/New_York
10640,BKC,65.98166667,-161.14916667,America/Anchorage
10641,BKE,44.83722222,-117.80916667,America/Los_Angeles
10642,BKF,58.6,-156.23333333,America/Anchorage
10643,BKG,36.53194444,-93.20055556,America/Chicago
10644,BKH,22.02277778,-159.785,Pacific/Honolulu
10647,BKL,41.51777778,-81.68277778,America/New_York
10654,BKW,37.78722222,-81.12416667,America/New_York
10655,BKX,44.30444444,-96.81888889,America/Chicago
10661,BLD,35.94722222,-114.86111111,America/Los_Angeles
10663,BLF,37.29583333,-81.2075,America/New_York
10665,BLH,33.61944444,-114.71694444,America/Los_Angeles
10666,BLI,48.79277778,-122.5375,America/Los_Angeles
10670,BLM,40.18666667,-74.12444444,America/New_York
10676,BLV,38.54527778,-89.83527778,America/Chicago
10680,BMC,41.55444444,-112.06222222,America/Denver
10683,BMG,39.14111111,-86.615,America/Indiana/Indianapolis
10685,BMI,40.47777778,-88.91027778,America/Chicago
10687,BML,44.57527778,-71.17583333,America/New_York
10692,BMX,59.36222222,-155.25972222,America/Anchorage
10693,BNA,36.12388889,-86.67777778,America/Chicago
10697,BNF,57.08916667,-134.83138889,America/Sitka
10698,BNG,33.9225,-116.85083333,America/Los_Angeles
10701,BNL,33.25777778,-81.38833333,America/New_York
10703,BNO,43.59194444,-118.95555556,America/Los_Angeles
10713,BOI,43.56444444,-116.22277778,America/Boise
10715,BOK,42.07388889,-124.28972222,America/Los_Angeles
10721,BOS,42.36305556,-71.00694444,America/New_York
10722,BOW,27.94333333,-81.78333333,America/New_York
10728,BPT,29.95333333,-94.02416667,America/Chicago
10731,BQK,31.25916667,-81.46638889,America/New_York
10732,BQN,18.49472222,-67.12944444,America/Puerto_Rico
10735,BQV,58.45527778,-135.88527778,America/Juneau
10739,BRD,46.40416667,-94.13361111,America/Chicago
10741,BRG,37.11666667,-82.81666667,America/New_York
10744,BRL,40.78305556,-91.12555556,America/Chicago
10747,BRO,25.91083333,-97.42916667,America/Chicago
10754,BRW,71.28472222,-156.76861111,America/Anchorage
10756,BRY,37.81444444,-85.49972222,America/New_York
10763,BSM,30.19472222,-97.67666667,America/Chicago
10765,BSQ,31.36388889,-109.88305556,America/Phoenix
10769,BSW,60.42305556,-146.14583333,America/Anchorage
10770,A2K,58.23305556,-157.36638889,America/Anchorage
10775,BTI,70.11305556,-143.65361111,America/Anchorage
10778,BTL,42.30666667,-85.26527778,America/Detroit
10779,BTM,45.95111111,-112.49555556,America/Denver
10780,BTP,40.77666667,-79.95111111,America/New_York
10781,BTR,30.53305556,-91.15,America/Chicago
10783,BTT,66.91388889,-151.52916667,America/Anchorage
10785,BTV,44.47194444,-73.15333333,America/New_York
10786,BTY,36.86111111,-116.78638889,America/Los_Angeles
10792,BUF,42.94055556,-78.73055556,America/New_York
10796,BUM,38.28972222,-94.34027778,America/Chicago
10800,BUR,34.20055556,-118.35861111,America/Los_Angeles
10809,BVD,53.8325,-166.3025,America/Nome
10811,BVO,36.76333333,-96.01111111,America/Chicago
10812,BVR,45.69222222,-85.56666667,America/Detroit
10814,BVX,35.72611111,-91.6475,America/Chicago
10815,BVY,42.58416667,-70.91611111,America/New_York
10817,BWD,31.79361111,-98.95638889,America/Chicago
10819,BWG,36.96444444,-86.41972222,America/Chicago
10821,BWI,39.17583333,-76.66888889,America/New_York
10823,BWM,46.18694444,-103.42805556,America/Denver
10825,BWS,48.99,-122.7325,America/Los_Angeles
10828,BXC,42.48472222,-71.54444444,America/New_York
10832,BXS,33.25916667,-116.32083333,America/Los_Angeles
10834,BYA,64.07833333,-141.11333333,America/Anchorage
10836,RKH,34.98777778,-81.05722222,America/New_York
10837,BYG,44.38111111,-106.72194444,America/Denver
10838,BYH,35.96444444,-89.94388889,America/Chicago
10839,BYI,42.5425,-113.77166667,America/Boise
10841,MI5,45.16583333,-84.92416667,America/Detroit
10844,BYW,48.57888889,-122.82638889,America/Los_Angeles
10849,BZN,45.77722222,-111.15027778,America/Denver
10852,BZS,38.86333333,-77.01333333,America/New_York
10853,BZT,28.98222222,-95.57972222,America/Chicago
10857,C01,34.21388889,-119.09444444,America/Los_Angeles
10858,C02,35.325,-118.99611111,America/Los_Angeles
10867,CAD,44.27527778,-85.41888889,America/Detroit
10868,CAE,33.93888889,-81.11944444,America/New_York
10874,CAK,40.91666667,-81.44083333,America/New_York
10879,CAR,46.87166667,-68.01805556,America/New_York
10886,CBA,57.73777778,-135.12555556,America/Sitka
10888,CBE,39.61305556,-78.76277778,America/New_York
10889,CBF,41.26,-95.75861111,America/Chicago
10892,CBK,39.40388889,-101.04666667,America/Chicago
10894,CBM,33.64555556,-88.44666667,America/Chicago
10910,CCR,37.98972222,-122.05694444,America/Los_Angeles
10915,CCY,43.0725,-92.61083333,America/Chicago
10917,CDB,55.20583333,-162.72611111,America/Nome
10918,CDC,37.70194444,-113.09805556,America/Denver
10921,CDH,33.62277778,-92.76333333,America/Chicago
10923,CDL,65.90777778,-161.92638889,America/Anchorage
10924,CDN,34.28361111,-80.56472222,America/New_York
10925,CDR,42.8375,-103.09527778,America/Denver
10926,CDV,60.49166667,-145.4775,America/Anchorage
10927,CDW,40.87527778,-74.28138889,America/New_York
10928,CEA,37.64861111,-97.25055556,America/Chicago
10930,CEC,41.78027778,-124.23666667,America/Los_Angeles
10933,CEF,42.19388889,-72.53472222,America/New_York
10938,CEM,65.57388889,-144.78083333,America/Anchorage
10945,CEU,34.67222222,-82.88583333,America/New_York
10946,CEV,39.69805556,-85.13111111,America/Indiana/Indianapolis
10947,CEW,30.77888889,-86.52222222,America/Chicago
10948,CEX,65.05194444,-146.0475,America/Anchorage
10949,CEY,36.66444444,-88.37277778,America/Chicago
10950,CEZ,37.30305556,-108.62805556,America/Denver
10951,CFA,58.21666667,-157.5,America/Anchorage
10958,CFT,32.95694444,-109.21111111,America/Phoenix
10960,CFV,37.09388889,-95.57194444,America/Chicago
10961,CGA,55.47916667,-133.14611111,America/Sitka
10964,CGE,38.53944444,-76.03027778,America/New_York
10965,CGF,41.56444444,-81.48722222,America/New_York
10967,CGI,37.225,-89.57083333,America/Chicago
10975,CGS,38.98055556,-76.92222222,America/New_York
10977,CGX,41.85888889,-87.60833333,America/Chicago
10979,CGZ,32.955,-111.76694444,America/Phoenix
10980,CHA,35.03777778,-85.20194444,America/New_York
10982,CHD,33.26916667,-111.81111111,America/Phoenix
10986,CHI,41.87388889,-87.75555556,America/Chicago
10987,CHL,44.52361111,-114.21805556,America/Boise
10990,CHO,38.13972222,-78.45222222,America/New_York
10991,CHP,65.48583333,-144.61166667,America/Anchorage
10994,CHS,32.89861111,-80.04055556,America/New_York
10996,CHU,61.57916667,-159.21555556,America/Anchorage
10999,CHZ,42.57944444,-121.87888889,America/Los_Angeles
11001,CIB,33.405,-118.41583333,America/Los_Angeles
11002,CIC,39.79527778,-121.85888889,America/Los_Angeles
11003,CID,41.88472222,-91.71083333,America/Chicago
11004,CIG,40.49527778,-107.52166667,America/Denver
11007,CIK,66.645,-143.74,America/Anchorage
11008,CIL,64.89666667,-163.70361111,America/Nome
11009,CIN,42.04666667,-94.78861111,America/Chicago
11011,CIR,37.06416667,-89.21944444,America/Chicago
11013,CIU,46.255,-84.47694444,America/Detroit
11014,CIV,55.24777778,-132.32361111,America/Sitka
11021,CJI,60.50277778,-147.94027778,America/Anchorage
11026,CJW,39.38722222,-97.15722222,America/Chicago
11027,CKB,39.29777778,-80.2275,America/New_York
11028,CKD,61.87111111,-158.13805556,America/Anchorage
11029,CKE,38.93472222,-122.62222222,America/Los_Angeles
11031,CKM,34.29972222,-90.51222222,America/Chicago
11034,CKU,60.54361111,-145.72583333,America/Anchorage
11035,CKV,36.62194444,-87.415,America/Chicago
11036,CKX,64.06666667,-141.95138889,America/Anchorage
11040,CLC,29.55694444,-95.1375,America/Chicago
11041,CLD,33.12833333,-117.28,America/Los_Angeles
11042,CLE,41.41027778,-81.85333333,America/New_York
11043,CLF,64.30166667,-149.11777778,America/Anchorage
11044,CLG,36.16222222,-120.29472222,America/Los_Angeles
11046,CLI,44.61305556,-88.73083333,America/Chicago
11048,CLK,35.53833333,-98.93277778,America/Chicago
11049,CLL,30.58805556,-96.36083333,America/Chicago
11050,CLM,48.12027778,-123.49972222,America/Los_Angeles
11053,CLP,58.83361111,-158.52944444,America/Anchorage
11055,CLR,33.13138889,-115.52138889,America/Los_Angeles
11056,CLS,46.67694444,-122.98277778,America/Los_Angeles
11057,CLT,35.21305556,-80.95111111,America/New_York
11058,CLU,39.2625,-85.89555556,America/Indiana/Indianapolis
11066,CMH,39.99694444,-82.89222222,America/New_York
11067,CMI,40.03833333,-88.27666667,America/Chicago
11076,CMX,47.16833333,-88.48916667,America/Detroit
11081,CNE,38.42861111,-105.10694444,America/Denver
11083,CNK,39.55,-97.65194444,America/Chicago
11085,CNM,32.3375,-104.26333333,America/Denver
11086,CNO,33.97472222,-117.63638889,America/Los_Angeles
11090,CNW,31.63777778,-97.07416667,America/Chicago
11092,CNY,38.76388889,-109.74555556,America/Denver
11093,CO3,36.68138889,-121.76166667,America/Los_Angeles
11095,COA,38.03055556,-120.41444444,America/Los_Angeles
11097,COD,44.52027778,-109.02388889,America/Denver
11098,COE,47.77444444,-116.81944444,America/Los_Angeles
11099,COF,28.23944444,-80.6075,America/New_York
11105,COM,31.84111111,-99.40361111,America/Chicago
11106,CON,43.20777778,-71.5075,America/New_York
11109,COS,38.80583333,-104.70083333,America/Denver
11110,COT,28.45583333,-99.21722222,America/Chicago
11111,COU,38.82138889,-92.21555556,America/Chicago
11122,CPR,42.90583333,-106.46361111,America/Denver
11123,CPS,38.57138889,-90.15722222,America/Chicago
11126,CPX,18.31305556,-65.30388889,America/Puerto_Rico
11128,CQL,39.38888889,-107.16,America/Denver
11130,HCW,34.71277778,-79.95694444,America/New_York
11135,CRE,33.81166667,-78.72388889,America/New_York
11136,CRG,30.33638889,-81.51444444,America/New_York
11140,CRP,27.76111111,-97.49611111,America/Chicago
11143,CRS,32.02805556,-96.40055556,America/Chicago
11146,CRW,38.37611111,-81.59277778,America/New_York
11147,CRX,34.915,-88.60361111,America/Chicago
11149,CSE,38.85194444,-106.93277778,America/Denver
11150,CSG,32.51388889,-84.94111111,America/New_York
11152,CSM,35.33888889,-99.19972222,America/Chicago
11153,CSN,39.19222222,-119.7325,America/Los_Angeles
11154,CSP,58.19916667,-136.64,America/Juneau
11158,CSU,69.02694444,-163.85416667,America/Nome
11159,CSV,35.95138889,-85.085,America/Chicago
11162,CTB,48.60888889,-112.37833333,America/Denver
11165,CTH,39.97888889,-75.86555556,America/New_York
11169,CTO,40.91472222,-72.78027778,America/New_York
11173,CTW,34.73,-112.035,America/Phoenix
11174,CTX,42.59277778,-76.215,America/New_York
11175,CTY,29.63555556,-83.10472222,America/New_York
11176,CUB,33.97055556,-80.99527778,America/New_York
11188,CUW,57.94166667,-134.75,America/Juneau
11191,CVA,40.48333333,-80.21666667,America/New_York
11193,CVG,39.04888889,-84.66777778,America/New_York
11197,CVN,34.42666667,-103.07861111,America/Denver
11198,CVO,44.49694444,-123.28944444,America/Los_Angeles
11200,CVS,34.38055556,-103.32722222,America/Denver
11202,CVX,45.30472222,-85.27527778,America/Detroit
11203,CWA,44.78,-89.67527778,America/Chicago
11207,CWI,41.83083333,-90.32888889,America/Chicago
11209,CWS,48.49,-122.83222222,America/Los_Angeles
11213,CXC,61.58333333,-144.42972222,America/Anchorage
11214,CXF,67.25222222,-150.20388889,America/Anchorage
11218,CXL,32.6675,-115.5175,America/Los_Angeles
11219,CXO,30.35333333,-95.415,America/Chicago
11227,CYF,60.13694444,-164.27916667,America/Nome
11230,CYM,57.51527778,-134.94444444,America/Sitka
11233,CYS,41.15666667,-104.82027778,America/Denver
11234,CYT,60.08083333,-142.49555556,America/Anchorage
11238,CZC,61.94111111,-145.29416667,America/Anchorage
11241,CZF,61.78111111,-166.03944444,America/Nome
11245,CZN,62.07166667,-142.04944444,America/Anchorage
11246,CZO,62.56222222,-144.6725,America/Anchorage
11247,CZP,55.965,-133.79333333,America/Sitka
11252,DAB,29.18,-81.05805556,America/New_York
11257,DAG,34.85138889,-116.79361111,America/Los_Angeles
11259,DAL,32.84611111,-96.85083333,America/Chicago
11261,DAN,36.57722222,-79.33638889,America/New_York
11267,DAY,39.90194444,-84.21805556,America/New_York
11272,DBN,32.56472222,-82.985,America/New_York
11274,DBQ,42.40194444,-90.70944444,America/Chicago
11278,DCA,38.85138889,-77.03777778,America/New_York
11280,DCK,66.9425,-156.89138889,America/Anchorage
11282,DCU,34.65416667,-86.94527778,America/Chicago
11283,DDC,37.76305556,-99.96555556,America/Chicago
11284,DDP,18.46388889,-66.29333333,America/Puerto_Rico
11288,DEC,39.83444444,-88.86555556,America/Chicago
11289,DEH,43.27555556,-91.73944444,America/Chicago
11292,DEN,39.86111111,-104.67194444,America/Denver
11295,DET,42.40944444,-83.01027778,America/Detroit
11297,DFI,41.3375,-84.42888889,America/New_York
11298,DFW,32.89722222,-97.03777778,America/Chicago
11299,DGB,58.13333333,-152.55,America/Anchorage
11303,DGW,42.79722222,-105.38583333,America/Denver
11308,DHN,31.32111111,-85.44944444,America/Chicago
11309,DHT,36.0225,-102.5475,America/Chicago
11315,DIK,46.80055556,-102.80444444,America/Denver
11317,DIO,65.75861111,-168.95305556,America/Nome
11327,DJN,64.05,-145.7225,America/Anchorage
11331,DKK,42.49388889,-79.27111111,America/New_York
11335,DLF,29.35944444,-100.77805556,America/Chicago
11336,DLG,59.04472222,-158.50555556,America/Anchorage
11337,DLH,46.84138889,-92.18305556,America/Chicago
11339,DLL,34.44916667,-79.36861111,America/New_York
11341,DLO,55.12222222,-132.05,America/Sitka
11342,DLS,45.61944444,-121.16833333,America/Los_Angeles
11344,DMA,32.16638889,-110.88305556,America/Phoenix
11348,DMN,32.2625,-107.71888889,America/Denver
11349,DMO,38.7075,-93.17583333,America/Chicago
11353,DNC,56.75694444,-133.22166667,America/Sitka
11355,DNE,33.07888889,-96.73833333,America/Chicago
11358,DNL,33.46666667,-82.03944444,America/New_York
11359,DNN,34.72305556,-84.87027778,America/New_York
11363,DNV,40.19972222,-87.59527778,America/Chicago
11367,DOF,55.23333333,-132.21666667,America/Sitka
11375,DOV,39.12944444,-75.46583333,America/New_York
11376,DPA,41.91555556,-88.24666667,America/Chicago
11377,DPG,40.1975,-112.935,America/Denver
11381,AA8,70.1375,-147.03055556,America/Anchorage
11383,DQC,27.81333333,-80.49555556,America/New_York
11384,DQD,42.64861111,-111.58194444,America/Boise
11385,DQE,32.845,-115.26861111,America/Los_Angeles
11387,M91,36.53666667,-86.92111111,America/Chicago
11388,DQH,70.34416667,-150.94472222,America/Anchorage
11389,DQI,39.17888889,-121.99333333,America/Los_Angeles
11390,DQJ,47.39138889,-102.77194444,America/Denver
11391,DQK,44.05555556,-75.71972222,America/New_York
11392,DQL,61.18666667,-149.96527778,America/Anchorage
11394,DQN,29.05555556,-80.94888889,America/New_York
11395,DQO,32.41083333,-91.49861111,America/Chicago
11396,DQP,38.23638889,-89.35861111,America/Chicago
11397,DQQ,40.86972222,-100.00416667,America/Chicago
11398,DQR,35.98611111,-113.81694444,America/Phoenix
11399,DQS,36.25638889,-113.23083333,America/Phoenix
11401,DQU,55.77888889,-131.60138889,America/Sitka
11402,DQV,59.1025,-135.38222222,America/Juneau
11403,DQW,35.57222222,-113.2925,America/Phoenix
11404,DQX,60.07472222,-143.08666667,America/Anchorage
11405,DQY,28.4675,-80.56666667,America/New_York
11406,DQZ,58.91166667,-161.71388889,America/Anchorage
11407,DRA,36.62,-116.03222222,America/Los_Angeles
11409,DRE,46.01,-83.74,America/Detroit
11410,DRF,60.58888889,-152.16194444,America/Anchorage
11411,DRG,66.06916667,-162.76694444,America/Nome
11413,DRO,37.15166667,-107.75388889,America/Denver
11415,DRT,29.37416667,-100.92722222,America/Chicago
11416,DRU,46.62083333,-113.205,America/Denver
11421,DSI,30.4,-86.47138889,America/Chicago
11423,DSM,41.53388889,-93.66305556,America/Chicago
11424,DTA,39.38277778,-112.50222222,America/Denver
11425,DTH,36.46055556,-116.87972222,America/Los_Angeles
11427,DTL,46.82305556,-95.88277778,America/Chicago
11429,DTN,32.54083333,-93.74388889,America/Chicago
11430,DTO,33.20194444,-97.19916667,America/Chicago
11431,DTR,48.51,-122.80305556,America/Los_Angeles
11432,DTT,42.31277778,-83.17861111,America/Detroit
11433,DTW,42.2125,-83.35333333,America/Detroit
11434,DUA,33.93333333,-96.4,America/Chicago
11436,DUC,34.47083333,-97.95972222,America/Chicago
11439,DUF,36.25361111,-75.78861111,America/New_York
11440,DUG,31.46888889,-109.60388889,America/Phoenix
11441,DUJ,41.17833333,-78.89861111,America/New_York
11445,DUT,53.89888889,-166.545,America/Nome
11447,DVL,48.11666667,-98.91,America/Chicago
11448,DVN,41.61027778,-90.58833333,America/Chicago
11450,DVT,33.68833333,-112.0825,America/Phoenix
11452,DWA,38.57944444,-121.85694444,America/Los_Angeles
11453,DWH,30.06083333,-95.5525,America/Chicago
11454,DWS,28.38361111,-81.55,America/New_York
11456,DXR,41.37166667,-73.48222222,America/New_York
11459,DYS,32.42055556,-99.85472222,America/Chicago
11463,EAA,64.77805556,-141.14972222,America/Anchorage
11464,EAG,67.56222222,-162.97527778,America/Nome
11467,EAN,42.05555556,-104.92833333,America/Denver
11468,EAR,40.73166667,-99.00805556,America/Chicago
11470,EAT,47.39888889,-120.20694444,America/Los_Angeles
11471,EAU,44.86583333,-91.48416667,America/Chicago
11478,ECA,44.31277778,-83.42222222,America/Detroit
11479,ECG,36.26083333,-76.17194444,America/New_York
11481,ECP,30.35833333,-85.79555556,America/Chicago
11482,ECS,43.88416667,-104.31444444,America/Denver
11483,ECU,29.94694444,-100.17388889,America/Chicago
11484,EDA,55.93638889,-133.65555556,America/Sitka
11486,EDE,36.02861111,-76.56972222,America/New_York
11487,EDF,61.25138889,-149.80638889,America/Anchorage
11490,EDW,34.90805556,-117.88555556,America/Los_Angeles
11491,EED,34.76638889,-114.62333333,America/Los_Angeles
11492,EEK,60.21361111,-162.04388889,America/Nome
11493,EEN,42.89833333,-72.27083333,America/New_York
11494,EFB,58.0,-135.73333333,America/Juneau
11495,EFD,29.60805556,-95.15805556,America/Chicago
11496,EFK,44.88805556,-72.22861111,America/New_York
11501,EGA,60.28333333,-148.08333333,America/Anchorage
11503,EGE,39.64277778,-106.91583333,America/Denver
11504,EGI,30.64861111,-86.52194444,America/Chicago
11506,EGP,28.70222222,-100.48055556,America/Chicago
11508,EGT,37.325,-97.38833333,America/Chicago
11510,EGV,45.93222222,-89.26833333,America/Chicago
11511,EGX,58.18444444,-157.37472222,America/Anchorage
11512,EHM,58.64805556,-162.06305556,America/Nome
11513,EHR,57.41666667,-152.71666667,America/Anchorage
11514,EHT,41.75333333,-72.62833333,America/New_York
11517,EIL,64.66555556,-147.10138889,America/Anchorage
11522,EKA,40.80333333,-124.11277778,America/Los_Angeles
11523,EKI,41.71916667,-86.00305556,America/Indiana/Indianapolis
11524,EKN,38.88944444,-79.85722222,America/New_York
11525,EKO,40.825,-115.79138889,America/Los_Angeles
11526,EKX,37.68611111,-85.925,America/New_York
11527,EKY,33.3125,-86.92638889,America/Chicago
11528,ELA,29.6,-96.32194444,America/Chicago
11531,ELD,33.22111111,-92.81166667,America/Chicago
11535,ELI,64.615,-162.27055556,America/Nome
11537,ELM,42.15777778,-76.89638889,America/New_York
11538,ELN,47.03472222,-120.52888889,America/Los_Angeles
11540,ELP,31.80666667,-106.37333333,America/Denver
11545,ELV,58.2,-136.31666667,America/Juneau
11546,ELW,60.89333333,-146.70833333,America/Anchorage
11547,ELY,39.29972222,-114.84194444,America/Los_Angeles
11550,EMK,62.78611111,-164.49083333,America/Nome
11551,EMM,41.82416667,-110.55694444,America/Denver
11553,EMP,38.33055556,-96.19,America/Chicago
11554,EMT,34.08611111,-118.03472222,America/Los_Angeles
11555,ENA,60.57222222,-151.24722222,America/Anchorage
11557,END,36.33972222,-97.91722222,America/Chicago
11558,ENL,38.515,-89.09111111,America/Chicago
11559,ENN,64.54722222,-149.07388889,America/Anchorage
11563,ENV,40.71861111,-114.02861111,America/Denver
11564,ENW,42.59555556,-87.92638889,America/Chicago
11566,EOK,40.46,-91.42861111,America/Chicago
11567,EPH,47.30805556,-119.51694444,America/Los_Angeles
11577,ERI,42.07916667,-80.18,America/New_York
11582,ERV,29.97666667,-99.08555556,America/Chicago
11587,ESC,45.72277778,-87.09361111,America/Detroit
11588,ESD,48.70833333,-122.91055556,America/Los_Angeles
11590,ESF,31.395,-92.29583333,America/Chicago
11592,ESN,38.80416667,-76.06888889,America/New_York
11593,ESP,41.03583333,-75.16055556,America/New_York
11597,ETN,32.415,-98.80972222,America/Chicago
11598,ETS,31.29972222,-85.89972222,America/Chicago
11601,EUE,39.60361111,-116.00361111,America/Los_Angeles
11602,EUF,31.95138889,-85.12888889,America/Chicago
11603,EUG,44.12472222,-123.21083333,America/Los_Angeles
11606,EVC,64.04222222,-148.86277778,America/Anchorage
11609,EVM,47.42416667,-92.49666667,America/Chicago
11612,EVV,38.04,-87.52972222,America/Chicago
11613,EVW,41.27472222,-111.03472222,America/Denver
11615,EWB,41.67666667,-70.95777778,America/New_York
11616,EWK,38.06083333,-97.27638889,America/Chicago
11617,EWN,35.07361111,-77.0425,America/New_York
11618,EWR,40.69361111,-74.16861111,America/New_York
11619,EXI,58.42083333,-135.44722222,America/Juneau
11624,EYW,24.55611111,-81.76,America/New_York
11627,RBK,33.57416666,-117.12833333,America/Los_Angeles
11630,FAI,64.81527778,-147.85361111,America/Anchorage
11631,FAJ,18.30888889,-65.66166667,America/Puerto_Rico
11632,FAK,57.51666667,-135.21666667,America/Sitka
11633,FAL,26.58333333,-99.13333333,America/Chicago
11634,FAM,37.76083333,-90.42861111,America/Chicago
11637,FAR,46.91916667,-96.81583333,America/Chicago
11638,FAT,36.77666667,-119.71888889,America/Los_Angeles
11639,FAU,60.89611111,-147.44666667,America/Anchorage
11641,FAY,34.98777778,-78.88444444,America/New_York
11642,FBG,35.13194444,-78.93611111,America/New_York
11643,FBK,64.83666667,-147.61638889,America/Anchorage
11645,FBR,41.39333333,-110.40583333,America/Denver
11646,FBS,48.5375,-123.00833333,America/Los_Angeles
11648,FCA,48.31388889,-114.25222222,America/Denver
11649,FCH,36.73222222,-119.82027778,America/Los_Angeles
11650,FCM,44.82722222,-93.45805556,America/Chicago
11652,FCS,38.695,-104.75638889,America/Denver
11656,FDK,39.41694444,-77.37472222,America/New_York
11657,FDR,34.35222222,-98.98388889,America/Chicago
11659,FDY,41.01194444,-83.66861111,America/New_York
11662,FEP,42.24611111,-89.58194444,America/Chicago
11663,FET,41.45,-96.52111111,America/Chicago
11664,FEW,41.14166667,-104.87138889,America/Denver
11667,FFM,46.28444444,-96.1575,America/Chicago
11668,FFO,39.82611111,-84.04833333,America/New_York
11669,FFT,38.18166667,-84.90666667,America/New_York
11673,FHU,31.58833333,-110.34444444,America/Phoenix
11674,FIC,55.77777778,-131.5375,America/Sitka
11675,FID,41.25222222,-72.03166667,America/New_York
11677,FIL,38.95805556,-112.36305556,America/Denver
11684,FKL,41.3775,-79.86055556,America/New_York
11686,FL1,28.22666667,-82.15555556,America/New_York
11687,FL2,27.96083333,-80.55833333,America/New_York
11688,FL3,30.78,-85.59805556,America/Chicago
11689,FL4,29.46527778,-81.20777778,America/New_York
11690,FL5,29.35472222,-82.47055556,America/New_York
11693,FLD,43.77111111,-88.48833333,America/Chicago
11695,FLG,35.14027778,-111.66916667,America/Phoenix
11696,FLJ,60.51666667,-148.0,America/Anchorage
11697,FLL,26.07138889,-80.14944444,America/New_York
11699,FLO,34.18611111,-79.72444444,America/New_York
11702,FLT,62.45277778,-157.98666667,America/Anchorage
11703,FLU,40.77916667,-73.83277778,America/New_York
11704,FLV,39.36833333,-94.91472222,America/Chicago
11706,FLX,39.49916667,-118.74888889,America/Los_Angeles
11708,FMC,65.92694444,-149.84,America/Anchorage
11709,FMH,41.65916667,-70.52277778,America/New_York
11711,FMN,36.74138889,-108.23111111,America/Denver
11713,FMS,40.65916667,-91.32777778,America/Chicago
11714,FMY,26.58666667,-81.86333333,America/New_York
11719,FNL,40.45194444,-105.01138889,America/Denver
11720,FNR,58.25,-134.9,America/Juneau
11721,FNT,42.96555556,-83.74472222,America/Detroit
11723,FOB,39.47444444,-123.79555556,America/Los_Angeles
11725,FOD,42.5525,-94.19138889,America/Chicago
11726,FOE,38.95083333,-95.66361111,America/Chicago
11728,FOK,40.84361111,-72.63194444,America/New_York
11732,FPR,27.49777778,-80.37361111,America/New_York
11733,FPY,30.07083333,-83.58166667,America/New_York
11734,FQA,55.60611111,-131.48333333,America/Sitka
11735,FQB,33.23972222,-119.45833333,America/Los_Angeles
11736,FQC,57.80555556,-152.38055556,America/Anchorage
11737,FQD,58.235,-155.10361111,America/Anchorage
11738,FQE,58.31333333,-134.10416667,America/Juneau
11739,FQF,58.35277778,-133.99138889,America/Juneau
11740,FQG,58.13444444,-133.72944444,America/Juneau
11741,FQH,61.16833333,-150.16055556,America/Anchorage
11742,FQI,38.23444444,-84.43472222,America/New_York
11743,FQJ,58.09861111,-134.76,America/Juneau
11744,FQK,58.21472222,-136.15638889,America/Juneau
11745,FQL,38.665,-88.45305556,America/Chicago
11747,FQN,55.56222222,-132.63055556,America/Sitka
11748,FQO,55.56666667,-131.05638889,America/Sitka
11749,FQP,55.83444444,-131.48472222,America/Sitka
11750,FQQ,59.14666667,-138.56361111,America/Yakutat
11751,FQR,55.24361111,-132.57333333,America/Sitka
11754,FQU,48.28388889,-115.49027778,America/Denver
11755,FQV,53.81444444,-167.11944444,America/Nome
11756,FQW,53.36666667,-167.88333333,America/Nome
11757,FQX,55.21027778,-132.13194444,America/Sitka
11758,FQY,55.92638889,-133.25277778,America/Sitka
11762,FRD,48.52194444,-123.02444444,America/Los_Angeles
11764,FRG,40.72972222,-73.41444444,America/New_York
11766,FRM,43.64388889,-94.41555556,America/Chicago
11768,FRP,57.85,-134.98333333,America/Juneau
11769,FRR,38.9175,-78.25333333,America/New_York
11773,FRY,43.99111111,-70.94777778,America/New_York
11775,FSD,43.58083333,-96.74166667,America/Chicago
11776,FSI,34.64972222,-98.40222222,America/Chicago
11777,FSK,37.79833333,-94.76944444,America/Chicago
11778,FSM,35.33527778,-94.36777778,America/Chicago
11780,FST,30.91527778,-102.91277778,America/Chicago
11782,FTC,40.58722222,-105.04027778,America/Denver
11784,FTG,39.78416667,-104.5375,America/Denver
11785,FTK,37.90722222,-85.97166667,America/New_York
11786,FTL,61.86833333,-162.06805556,America/Nome
11789,FTW,32.81972222,-97.36305556,America/Chicago
11790,FTY,33.77916667,-84.5275,America/New_York
11794,FUL,33.87194444,-117.97972222,America/Los_Angeles
11797,FVA,61.11638889,-155.31138889,America/Anchorage
11800,FVD,30.58555556,-100.64861111,America/Chicago
11801,FVE,33.35472222,-117.25027778,America/Los_Angeles
11803,FVG,33.97055556,-112.795,America/Phoenix
11804,FVH,46.79416667,-119.08,America/Los_Angeles
11805,FVI,32.82583333,-91.18777778,America/Chicago
11810,FVN,48.15361111,-104.50416667,America/Denver
11811,FVO,45.24722222,-122.77,America/Los_Angeles
11812,FVP,39.94388889,-120.94527778,America/Los_Angeles
11813,FVQ,62.07194444,-158.20416667,America/Anchorage
11814,FVR,45.87861111,-111.56916667,America/Denver
11815,FVS,43.83388889,-111.805,America/Boise
11818,FVV,35.72833333,-118.41972222,America/Los_Angeles
11819,FVW,65.28333333,-153.0,America/Anchorage
11820,FVX,54.91666667,-132.91666667,America/Sitka
11821,FVY,56.08333333,-131.96666667,America/Sitka
11822,FVZ,70.00388889,-153.0775,America/Anchorage
11823,FWA,40.97833333,-85.19527778,America/Indiana/Indianapolis
11824,FWH,32.76916667,-97.44166667,America/Chicago
11825,FWL,62.50916667,-153.89055556,America/Anchorage
11826,FWS,32.565,-97.30833333,America/Chicago
11827,FXE,26.19833333,-80.17305556,America/New_York
11828,A35,70.17111111,-146.84416667,America/Anchorage
11830,FXR,40.27333333,-86.56222222,America/Indiana/Indianapolis
11831,FXY,43.23472222,-93.62416667,America/Chicago
11833,FYU,66.5725,-145.24638889,America/Anchorage
11834,FYV,36.005,-94.17,America/Chicago
11836,GA1,34.68805556,-85.29055556,America/New_York
11837,GA2,33.63166667,-85.15222222,America/New_York
11838,GA3,33.31166667,-84.76972222,America/New_York
11840,GAD,33.97027778,-86.09138889,America/Chicago
11842,GAI,39.16833333,-77.16611111,America/New_York
11844,GAL,64.73611111,-156.93444444,America/Anchorage
11845,GAM,63.76666667,-171.73277778,America/Nome
11855,GBA,61.395,-149.84166667,America/Anchorage
11856,GBD,38.34416667,-98.85916667,America/Chicago
11858,GBG,40.93805556,-90.43111111,America/Chicago
11859,GBH,68.47972222,-149.49,America/Anchorage
11862,GBR,42.18416667,-73.40333333,America/New_York
11865,GCC,44.34722222,-105.54138889,America/Denver
11867,GCK,37.9225,-100.72305556,America/Chicago
11869,GCN,35.95222222,-112.14694444,America/Phoenix
11870,GCY,36.19138889,-82.81666667,America/New_York
11871,GDC,34.75833333,-82.37638889,America/New_York
11873,GDH,59.74694444,-158.87472222,America/Anchorage
11875,GDM,42.55,-72.01611111,America/New_York
11879,GDV,47.13861111,-104.80722222,America/Denver
11880,GDW,43.97055556,-84.475,America/Detroit
11883,GED,38.6875,-75.35944444,America/New_York
11884,GEG,47.61916667,-117.53527778,America/Los_Angeles
11885,GEK,62.97555556,-156.51333333,America/Anchorage
11893,GEY,44.51805556,-108.08305556,America/Denver
11894,GEZ,39.58305556,-85.80472222,America/Indiana/Indianapolis
11895,GFA,47.50583333,-111.18472222,America/Denver
11896,GFB,59.05,-160.28333333,America/Anchorage
11898,GFK,47.94638889,-97.17305556,America/Chicago
11899,GFL,43.34111111,-73.61027778,America/New_York
11904,GGE,33.31138889,-79.32027778,America/New_York
11905,GGG,32.38972222,-94.71666667,America/Chicago
11908,GGW,48.21277778,-106.61638889,America/Denver
11921,GJT,39.11861111,-108.51444444,America/Denver
11924,GKN,62.155,-145.45444444,America/Anchorage
11929,GLD,39.37083333,-101.69861111,America/Denver
11931,GLH,33.48527778,-90.98472222,America/Chicago
11937,GLQ,62.11861111,-145.55,America/Anchorage
11938,GLR,45.01444444,-84.70222222,America/Detroit
11939,GLS,29.26277778,-94.85916667,America/Chicago
11941,GLV,64.55055556,-163.00722222,America/Nome
11942,GLW,37.03166667,-85.95388889,America/Chicago
11946,GMT,65.40222222,-161.28138889,America/Anchorage
11947,GMU,34.84777778,-82.34833333,America/New_York
11952,GNU,59.11777778,-161.57361111,America/Anchorage
11953,GNV,29.69083333,-82.27277778,America/New_York
11959,GOL,42.41527778,-124.425,America/Los_Angeles
11961,GON,41.3275,-72.04583333,America/New_York
11971,GPM,32.69888889,-97.04694444,America/Chicago
11973,GPT,30.40111111,-89.06611111,America/Chicago
11974,GPZ,47.20916667,-93.51,America/Chicago
11975,GQQ,40.73611111,-82.75277778,America/New_York
11977,GRB,44.48472222,-88.12972222,America/Chicago
11978,GRD,34.25027778,-82.15777778,America/New_York
11979,GRF,47.07916667,-122.58083333,America/Los_Angeles
11980,GRI,40.98055556,-98.31472222,America/Chicago
11982,GRK,31.06722222,-97.82888889,America/Chicago
11986,GRR,42.88194444,-85.52388889,America/Detroit
11992,GSB,35.33944444,-77.96055556,America/New_York
11994,GSH,41.52611111,-85.79416667,America/Indiana/Indianapolis
11995,GSO,36.10138889,-79.94111111,America/New_York
11996,GSP,34.89555556,-82.21888889,America/New_York
11997,GST,58.42527778,-135.7075,America/Juneau
11999,GSW,32.8275,-97.04527778,America/Chicago
12003,GTF,47.47666667,-111.37305556,America/Denver
12007,GTR,33.44833333,-88.59138889,America/Chicago
12008,GTU,30.67888889,-97.67944444,America/Chicago
12012,GUC,38.53611111,-106.92944444,America/Denver
12016,GUM,13.48388889,144.79722222,Pacific/Guam
12018,GUP,35.51111111,-108.78944444,America/Denver
12021,GUS,40.64805556,-86.15222222,America/Indiana/Indianapolis
12024,GUY,36.68416667,-101.50694444,America/Chicago
12027,GVE,38.15611111,-78.16583333,America/New_York
12028,GVL,34.2725,-83.83027778,America/New_York
12029,GVQ,43.03166667,-78.16972222,America/New_York
12031,GVT,33.06777778,-96.06527778,America/Chicago
12032,GVW,38.85083333,-94.55833333,America/Chicago
12039,GWO,33.49333333,-90.08666667,America/Chicago
12040,GWR,46.21833333,-97.64333333,America/Chicago
12041,GWS,39.50611111,-107.30916667,America/Denver
12054,GYR,33.42333333,-112.37527778,America/Phoenix
12055,GYY,41.61805556,-87.41527778,America/Chicago
12058,HAB,34.12916667,-87.99444444,America/Chicago
12061,HAE,36.21666667,-112.66666667,America/Phoenix
12062,HAF,37.51333333,-122.50111111,America/Los_Angeles
12068,HAO,39.36388889,-84.52194444,America/New_York
12070,HAR,40.21722222,-76.85138889,America/New_York
12074,HAY,65.20277778,-161.15277778,America/Anchorage
12076,HBC,57.41666667,-135.03333333,America/Sitka
12078,HBG,31.265,-89.25277778,America/Chicago
12079,HBH,57.4,-133.46666667,America/Juneau
12083,HBV,27.34944444,-98.73694444,America/Chicago
12084,HBY,57.38194444,-134.39527778,America/Juneau
12085,HCA,32.30361111,-101.43388889,America/Chicago
12086,HCB,55.45,-131.28333333,America/Sitka
12087,HCR,62.18833333,-159.775,America/Anchorage
12088,HDA,57.21666667,-134.88333333,America/Sitka
12092,HDH,21.57944444,-158.19722222,Pacific/Honolulu
12094,HDN,40.48111111,-107.21777778,America/Denver
12098,HED,55.80138889,-160.89916667,America/Anchorage
12103,HES,45.82833333,-119.25916667,America/Los_Angeles
12106,HEZ,31.61361111,-91.29722222,America/Chicago
12108,HFD,41.73666667,-72.64944444,America/New_York
12110,HFF,35.03666667,-79.4975,America/New_York
12119,HGR,39.70861111,-77.72638889,America/New_York
12122,HGZ,66.19166667,-155.66888889,America/Anchorage
12124,HHH,32.22444444,-80.6975,America/New_York
12127,HHR,33.92277778,-118.335,America/Los_Angeles
12128,KS3,39.87916667,-95.52527778,America/Chicago
12129,HIB,47.38666667,-92.83888889,America/Chicago
12130,HIE,44.3675,-71.54583333,America/New_York
12131,HIF,41.12388889,-111.97305556,America/Denver
12132,HII,34.57111111,-114.35833333,America/Phoenix
12134,HIK,21.31777778,-157.92027778,Pacific/Honolulu
12136,HIO,45.54222222,-122.95055556,America/Los_Angeles
12140,HKA,35.94055556,-89.83083333,America/Chicago
12141,HKB,63.8675,-148.96888889,America/Anchorage
12146,HKP,20.94583333,-156.69305556,Pacific/Honolulu
12147,HKS,32.33472222,-90.2225,America/Chicago
12149,HKY,35.74,-81.38833333,America/New_York
12153,HLG,40.17666667,-80.64611111,America/New_York
12154,HLI,36.89333333,-121.41027778,America/Los_Angeles
12155,HLM,42.79583333,-86.16194444,America/Detroit
12156,HLN,46.60666667,-111.98333333,America/Denver
12157,HLO,34.93861111,-110.14027778,America/Phoenix
12163,HMN,32.86,-106.105,America/Denver
12165,HMS,58.29444444,-135.34722222,America/Juneau
12166,HMT,33.73416667,-117.02222222,America/Los_Angeles
12168,HNC,35.23277778,-75.61777778,America/New_York
12171,HNH,58.09611111,-135.40888889,America/Juneau
12173,HNL,21.31777778,-157.92027778,Pacific/Honolulu
12174,HNM,20.79555556,-156.01444444,Pacific/Honolulu
12175,HNS,59.24388889,-135.52361111,America/Juneau
12177,HOB,32.68777778,-103.21777778,America/Denver
12183,HOL,62.91055556,-159.52777778,America/Anchorage
12184,HOM,59.64555556,-151.47666667,America/Anchorage
12185,HON,44.38527778,-98.22861111,America/Chicago
12187,HOP,36.67333333,-87.49194444,America/Chicago
12190,HOT,34.47805556,-93.09611111,America/Chicago
12191,HOU,29.64611111,-95.27722222,America/Chicago
12195,HPB,61.52388889,-166.14666667,America/Nome
12197,HPN,41.06694444,-73.7075,America/New_York
12198,HPT,42.72361111,-93.22638889,America/Chicago
12199,HPV,22.20916667,-159.44555556,Pacific/Honolulu
12200,HQM,46.97111111,-123.93666667,America/Los_Angeles
12206,HRL,26.22638889,-97.65444444,America/Chicago
12207,HRO,36.26138889,-93.15472222,America/Chicago
12211,HSH,35.97277778,-115.13444444,America/Los_Angeles
12212,HSI,40.60527778,-98.42777778,America/Chicago
12214,HSL,65.69777778,-156.35138889,America/Anchorage
12215,HSP,37.95138889,-79.83388889,America/New_York
12216,HST,25.48861111,-80.38361111,America/New_York
12217,HSV,34.63722222,-86.775,America/Chicago
12220,HTH,38.545,-118.6325,America/Los_Angeles
12222,HTO,40.95944444,-72.25166667,America/New_York
12223,HTS,38.36861111,-82.56027778,America/New_York
12225,HUA,34.67861111,-86.68472222,America/Chicago
12226,HUC,18.13805556,-65.80083333,America/Puerto_Rico
12228,HUF,39.45055556,-87.30694444,America/Indiana/Indianapolis
12232,HUL,46.12472222,-67.79222222,America/New_York
12233,HUM,29.56638889,-90.66055556,America/Chicago
12235,HUS,66.03916667,-154.26472222,America/Anchorage
12236,HUT,38.06305556,-97.86111111,America/Chicago
12243,HVC,36.85694444,-87.455,America/Chicago
12244,HVN,41.26361111,-72.88777778,America/New_York
12245,HVR,48.54416667,-109.75916667,America/Denver
12246,HVS,34.40305556,-80.11916667,America/New_York
12247,HWD,37.65888889,-122.12166667,America/Los_Angeles
12248,HWI,58.13333333,-134.75,America/Juneau
12250,HYA,41.66944444,-70.28027778,America/New_York
12252,HYG,55.20666667,-132.82666667,America/Sitka
12253,HYL,55.48194444,-132.64444444,America/Sitka
12254,HYR,46.02527778,-91.44416667,America/Chicago
12255,HYS,38.84222222,-99.27305556,America/Chicago
12259,HZL,40.98666667,-75.99472222,America/New_York
12260,IA1,40.75166667,-95.41361111,America/Chicago
12261,IA2,42.43638889,-93.86888889,America/Chicago
12262,IA3,41.01083333,-95.25888889,America/Chicago
12263,IAB,37.62305556,-97.2675,America/Chicago
12264,IAD,38.95611111,-77.46166667,America/New_York
12265,IAG,43.10944444,-78.93305556,America/New_York
12266,IAH,29.98555556,-95.34111111,America/Chicago
12268,IAN,66.97611111,-160.43861111,America/Anchorage
12278,ICT,37.65027778,-97.43222222,America/Chicago
12279,ICY,59.96888889,-141.66166667,America/Anchorage
12280,IDA,43.525,-112.05861111,America/Boise
12281,IDI,40.63111111,-79.10138889,America/New_York
12283,IDP,37.15805556,-95.77888889,America/Chicago
12294,IGG,59.32416667,-155.90166667,America/Anchorage
12297,IGM,35.25944444,-113.93805556,America/Phoenix
12303,IGX,35.935,-79.06583333,America/New_York
12305,II1,40.29361111,-88.1425,America/Chicago
12306,LOT,41.60805556,-88.09638889,America/Chicago
12307,II3,41.93388889,-88.70555556,America/Chicago
12308,II4,40.15861111,-89.335,America/Chicago
12310,IJX,39.77444444,-90.23861111,America/Chicago
12312,IKB,36.22361111,-81.09861111,America/New_York
12314,IKK,41.07138889,-87.84638889,America/Chicago
12315,IKO,52.94166667,-168.84916667,America/Nome
12317,IKV,41.69138889,-93.56638889,America/Chicago
12319,ILE,31.08583333,-97.68638889,America/Chicago
12320,ILG,39.67833333,-75.60694444,America/New_York
12321,ILI,59.75555556,-154.91777778,America/Anchorage
12322,ILL,45.11694444,-95.12944444,America/Chicago
12323,ILM,34.2675,-77.90277778,America/New_York
12324,ILN,39.43111111,-83.79777778,America/New_York
12332,IML,40.51027778,-101.62027778,America/Denver
12333,IMM,26.43361111,-81.40055556,America/New_York
12335,IMT,45.81833333,-88.11444444,America/Menominee
12336,IN1,41.30722222,-85.06055556,America/Indiana/Indianapolis
12337,IN2,40.02861111,-86.25138889,America/Indiana/Indianapolis
12339,IND,39.71722222,-86.29472222,America/Indiana/Indianapolis
12343,INL,48.56555556,-93.40222222,America/Chicago
12347,INS,36.58638889,-115.6775,America/Los_Angeles
12348,INT,36.13361111,-80.22194444,America/New_York
12351,INW,35.02194444,-110.7225,America/Phoenix
12358,IOW,41.63972222,-91.54777778,America/Chicago
12363,IPL,32.83416667,-115.57888889,America/Los_Angeles
12365,IPT,41.24166667,-76.92194444,America/New_York
12370,IRC,65.82805556,-144.07611111,America/Anchorage
12375,IRK,40.095,-92.54583333,America/Chicago
12378,IRS,41.8,-85.41666667,America/Detroit
12379,IRV,30.45527778,-88.21111111,America/Chicago
12387,ISL,63.5,-145.03333333,America/Anchorage
12388,ISM,28.28972222,-81.43694444,America/New_York
12389,ISN,48.17805556,-103.64222222,America/Chicago
12390,ISO,35.33138889,-77.60888889,America/New_York
12391,ISP,40.79611111,-73.10055556,America/New_York
12392,ISQ,45.97472222,-86.17194444,America/Detroit
12394,ISS,43.96138889,-69.7125,America/New_York
12396,ISW,44.36027778,-89.83916667,America/Chicago
12397,ITH,42.49138889,-76.45861111,America/New_York
12402,ITO,19.72138889,-155.05444444,Pacific/Honolulu
12412,IWD,46.5275,-90.13138889,America/Menominee
12415,IWS,29.81805556,-95.6725,America/Chicago
12436,IYK,35.65944444,-117.82944444,America/Los_Angeles
12441,JAC,43.60722222,-110.73777778,America/Denver
12445,JAJ,33.765,-84.41777778,America/New_York
12448,JAN,32.31111111,-90.07583333,America/Chicago
12449,JAO,33.93333333,-84.15,America/New_York
12451,JAX,30.49472222,-81.70444444,America/New_York
12452,JBC,42.33333333,-71.25,America/New_York
12453,JBK,37.86666667,-122.3,America/Los_Angeles
12454,JBP,33.98666667,-118.16055556,America/Los_Angeles
12455,JBR,35.82833333,-90.65194444,America/Chicago
12457,JCC,37.8,-122.46666667,America/Los_Angeles
12458,JCE,37.80555556,-122.275,America/Los_Angeles
12460,JCI,38.83083333,-94.89027778,America/Chicago
12462,JDA,44.40305556,-118.96777778,America/Los_Angeles
12463,JDB,32.76666667,-97.31666667,America/Chicago
12465,JDG,47.60083333,-122.33472222,America/Los_Angeles
12467,JDM,25.76666667,-80.18333333,America/New_York
12469,JDT,44.98277778,-93.26833333,America/Chicago
12470,JDX,29.76666667,-95.33333333,America/Chicago
12474,JEF,38.59083333,-92.15416667,America/Chicago
12477,JFB,47.60694444,-122.3325,America/Los_Angeles
12478,JFK,40.64,-73.77861111,America/New_York
12479,JFN,41.77777778,-80.69666667,America/New_York
12483,JGC,35.96666667,-112.13333333,America/Phoenix
12484,JGG,37.23916667,-76.71611111,America/New_York
12485,JGL,33.58333333,-84.46666667,America/New_York
12486,JGP,29.73416667,-95.43416667,America/Chicago
12487,JGQ,29.73666667,-95.45916667,America/Chicago
12490,JHC,40.74444444,-73.60833333,America/New_York
12492,JHM,20.96305556,-156.67305556,Pacific/Honolulu
12494,JHW,42.15333333,-79.25805556,America/New_York
12495,JHY,42.28333333,-71.13333333,America/New_York
12497,JID,34.02444444,-117.95916667,America/Los_Angeles
12508,JKV,31.86944444,-95.2175,America/Chicago
12509,JLA,60.48416667,-149.72277778,America/Anchorage
12511,JLN,37.14972222,-94.49805556,America/Chicago
12513,JMA,29.68333333,-95.4,America/Chicago
12515,JMC,37.87861111,-122.50972222,America/Los_Angeles
12518,JMN,44.16388889,-94.00416667,America/Chicago
12519,JMS,46.92972222,-98.67805556,America/Chicago
12522,JNP,33.61388889,-117.88972222,America/Los_Angeles
12523,JNU,58.35472222,-134.57833333,America/Juneau
12527,JOC,33.66666667,-117.86666667,America/Los_Angeles
12535,JON,16.73055556,-169.53527778,Pacific/Honolulu
12536,JOR,33.84805556,-117.85,America/Los_Angeles
12541,JPB,40.75333333,-73.975,America/New_York
12543,JPT,29.50861111,-95.05027778,America/Chicago
12544,USA,35.38777778,-80.70916667,America/New_York
12545,JRA,40.75444444,-74.0075,America/New_York
12546,JRB,40.70111111,-74.00916667,America/New_York
12547,JRC,44.00138889,-92.48055556,America/Chicago
12548,JRE,40.8,-73.96666667,America/New_York
12549,JRF,21.30722222,-158.07055556,Pacific/Honolulu
12553,JRV,18.245,-65.64333333,America/Puerto_Rico
12554,JSE,58.30166667,-134.42444444,America/Juneau
12556,JSK,45.55,-94.2,America/Chicago
12559,JST,40.31527778,-78.83416667,America/New_York
12571,JVL,42.62027778,-89.04111111,America/Chicago
12573,JWH,29.73638889,-95.5475,America/Chicago
12574,TN8,36.18305556,-86.88638889,America/Chicago
12576,JXN,42.26055556,-84.46222222,America/Detroit
12577,JYP,47.60416667,-122.33333333,America/Los_Angeles
12579,JZA,32.31194444,-89.13555556,America/Chicago
12580,JZB,42.57,-72.28861111,America/New_York
12581,JZC,48.30083333,-102.40666667,America/Chicago
12583,JZE,60.81555556,-151.79888889,America/Anchorage
12585,JZG,43.76611111,-99.32111111,America/Chicago
12587,JZI,36.59277778,-86.47694444,America/Chicago
12588,JZJ,46.72222222,-92.04444444,America/Chicago
12589,JZK,46.70111111,-92.50361111,America/Chicago
12590,JZL,33.02277778,-118.58861111,America/Los_Angeles
12591,JZM,66.17611111,-155.68472222,America/Anchorage
12592,JZN,47.21166667,-119.83972222,America/Los_Angeles
12593,JZO,42.79722222,-112.82527778,America/Boise
12594,JZP,42.7425,-122.48888889,America/Los_Angeles
12595,JZQ,28.47333333,-82.45611111,America/New_York
12596,JZR,45.70527778,-108.76083333,America/Denver
12598,JZT,32.66388889,-97.09416667,America/Chicago
12599,JZU,42.89138889,-73.24638889,America/New_York
12600,JZV,34.82944444,-92.25722222,America/Chicago
12601,JZW,31.415,-87.04333333,America/Chicago
12602,JZX,38.58,-122.43555556,America/Los_Angeles
12603,JZY,45.94277778,-116.12305556,America/Los_Angeles
12605,K01,36.79972222,-86.81083333,America/Chicago
12610,KAE,56.97333333,-133.94388889,America/Sitka
12615,KAL,64.31888889,-158.74138889,America/Anchorage
12621,KBC,66.27444444,-145.81805556,America/Anchorage
12622,KBE,55.92944444,-131.57,America/Sitka
12624,KBK,57.64472222,-136.09305556,America/Sitka
12631,KBW,56.28805556,-158.38333333,America/Anchorage
12633,KCC,56.03333333,-132.91666667,America/Sitka
12635,KCG,56.31138889,-158.37333333,America/Anchorage
12637,KCK,39.15,-94.6,America/Chicago
12638,KCL,56.31083333,-158.53444444,America/Anchorage
12639,KCN,53.4,-167.55,America/Nome
12641,KCQ,56.25555556,-158.77777778,America/Anchorage
12642,KCR,63.57111111,-156.00527778,America/Anchorage
12647,KDK,57.80583333,-152.37388889,America/Anchorage
12649,KEB,59.35222222,-151.92527778,America/Anchorage
12652,KEH,47.75472222,-122.25916667,America/Los_Angeles
12653,KEK,59.35694444,-157.47111111,America/Anchorage
12661,OCA,25.32444444,-80.27583333,America/New_York
12663,KFP,54.84777778,-163.40722222,America/Nome
12671,KGK,59.72666667,-157.26027778,America/Anchorage
12676,KGX,62.89222222,-160.06638889,America/Anchorage
12677,KGZ,61.455,-142.38083333,America/Anchorage
12686,KIB,55.9,-159.48333333,America/Anchorage
12704,KKA,64.93944444,-161.15416667,America/Anchorage
12705,KKB,58.19166667,-152.35,America/Anchorage
12708,KKH,59.96166667,-162.88055556,America/Nome
12709,KKI,60.91388889,-161.49333333,America/Anchorage
12711,KKK,64.42444444,-156.84333333,America/Anchorage
12712,KKL,57.36777778,-154.02527778,America/Anchorage
12716,KKU,58.81111111,-158.55888889,America/Anchorage
12719,KLG,61.53583333,-160.34555556,America/Anchorage
12720,KLL,59.12694444,-156.86,America/Anchorage
12721,KLN,57.535,-153.97666667,America/Anchorage
12723,KLP,57.55,-134.86666667,America/Sitka
12725,KLS,46.11805556,-122.89833333,America/Los_Angeles
12728,KLW,55.57916667,-133.07611111,America/Sitka
12737,KMO,58.98166667,-159.05666667,America/Anchorage
12743,KMY,57.02638889,-154.14361111,America/Anchorage
12745,KNB,37.01055556,-112.53138889,America/Denver
12748,KNK,59.43333333,-154.8025,America/Anchorage
12753,KNT,36.22583333,-90.03666667,America/Chicago
12755,KNW,59.45166667,-157.37305556,America/Anchorage
12758,KOA,19.73333333,-156.04611111,Pacific/Honolulu
12769,KOT,63.03055556,-163.53277778,America/Nome
12771,KOY,57.16222222,-154.2275,America/Anchorage
12772,KOZ,57.94222222,-152.465,America/Anchorage
12773,KPB,56.35,-133.61666667,America/Sitka
12774,KPC,65.25333333,-166.8575,America/Nome
12775,KPH,54.45,-162.68333333,America/Nome
12777,KPK,57.43361111,-153.9,America/Anchorage
12778,KPM,61.53138889,-158.64083333,America/Anchorage
12779,KPN,59.93166667,-164.02805556,America/Nome
12782,KPR,58.43333333,-152.58333333,America/Anchorage
12784,KPV,55.90666667,-159.16083333,America/Anchorage
12785,KPY,57.93333333,-153.03333333,America/Anchorage
12786,KQA,54.13333333,-165.78333333,America/Nome
12790,KRM,59.46972222,-151.57111111,America/Anchorage
12796,KS2,38.3025,-95.725,America/Chicago
12807,KSM,62.06083333,-163.30194444,America/Nome
12812,KSR,56.24444444,-160.38638889,America/Anchorage
12815,KTB,55.68833333,-132.535,America/Sitka
12819,KTN,55.35416667,-131.71111111,America/Sitka
12822,KTS,65.33194444,-166.46777778,America/Nome
12831,KUK,60.87333333,-162.52444444,America/Nome
12837,KUW,68.30694444,-161.4,America/Anchorage
12841,KVC,55.11638889,-162.26666667,America/Nome
12844,KVL,67.73611111,-164.56361111,America/Nome
12847,KWF,55.29722222,-133.24055556,America/Sitka
12851,KWK,59.87555556,-163.16805556,America/Nome
12853,KWN,59.755,-161.84527778,America/Anchorage
12854,KWP,57.76694444,-153.55,America/Anchorage
12855,KWT,60.79027778,-161.44361111,America/Anchorage
12857,KXA,55.53777778,-132.39583333,America/Sitka
12859,KY1,37.5775,-84.76944444,America/New_York
12860,KY2,37.54166667,-87.95444444,America/Chicago
12861,KY3,38.05805556,-83.97944444,America/New_York
12862,KY4,37.80777778,-87.68583333,America/Chicago
12863,KY5,37.35583333,-87.39833333,America/Chicago
12865,KYC,63.00194444,-156.36722222,America/Anchorage
12866,KYK,57.56611111,-154.45388889,America/Anchorage
12868,KYU,64.87583333,-157.73055556,America/Anchorage
12869,KZB,57.55,-153.75,America/Anchorage
12870,KZH,57.58305556,-153.15,America/Anchorage
12873,LAA,38.06972222,-102.68861111,America/Denver
12878,LAF,40.41222222,-86.93694444,America/Indiana/Indianapolis
12882,LAL,27.98777778,-82.01888889,America/New_York
12883,LAM,35.87972222,-106.26861111,America/Denver
12884,LAN,42.77861111,-84.58611111,America/Detroit
12888,LAR,41.31333333,-105.67277778,America/Denver
12889,LAS,36.08,-115.15222222,America/Los_Angeles
12891,LAW,34.56666667,-98.41638889,America/Chicago
12892,LAX,33.94305556,-118.40888889,America/Los_Angeles
12896,LBB,33.66166667,-101.81861111,America/Chicago
12898,LBE,40.27305556,-79.41027778,America/New_York
12899,LBF,41.12611111,-100.68361111,America/Chicago
12902,LBL,37.05055556,-100.95638889,America/Chicago
12906,LBT,34.61083333,-79.05944444,America/New_York
12915,LCH,30.12611111,-93.22333333,America/Chicago
12916,LCI,43.57305556,-71.41777778,America/New_York
12917,LCK,39.81388889,-82.92777778,America/New_York
12925,LDJ,40.6175,-74.24472222,America/New_York
12927,LDM,43.9625,-86.40805556,America/Detroit
12932,LEB,43.62611111,-72.30416667,America/New_York
12934,LEE,28.82277778,-81.80833333,America/New_York
12944,LEW,44.04833333,-70.28361111,America/New_York
12945,LEX,38.03666667,-84.60861111,America/New_York
12947,LFI,37.08277778,-76.36055556,America/New_York
12948,LFK,31.23416667,-94.75,America/Chicago
12951,LFT,30.20388889,-91.98638889,America/Chicago
12953,LGA,40.77722222,-73.8725,America/New_York
12954,LGB,33.81805556,-118.15194444,America/Los_Angeles
12955,LGC,33.00916667,-85.07333333,America/New_York
12956,LGD,45.28916667,-118.00611111,America/Los_Angeles
12961,LGM,40.16166667,-105.16138889,America/Denver
12965,LGU,41.79166667,-111.85166667,America/Denver
12968,LHB,54.22611111,-165.61111111,America/Nome
12971,LHQ,39.75555556,-82.65722222,America/New_York
12973,LHU,34.45833333,-114.36111111,America/Phoenix
12974,LHV,41.13583333,-77.42222222,America/New_York
12976,LHX,38.05,-103.50972222,America/Denver
12979,LIC,39.27472222,-103.66583333,America/Denver
12982,LIH,21.985,-159.33611111,Pacific/Honolulu
12983,LIJ,54.9,-132.75,America/Sitka
12992,LIT,34.72944444,-92.22472222,America/Chicago
12993,LIV,65.53111111,-148.54111111,America/Anchorage
12995,LIY,31.88777778,-81.56277778,America/New_York
12996,LIZ,46.95055556,-67.88583333,America/New_York
12999,LJN,29.03833333,-95.45694444,America/Chicago
13001,LJY,37.64833333,-92.6525,America/Chicago
13002,LKE,47.62888889,-122.33861111,America/Los_Angeles
13003,LKK,58.965,-155.09555556,America/Anchorage
13008,LKP,44.26444444,-73.96194444,America/New_York
13009,LKV,42.16111111,-120.39916667,America/Los_Angeles
13015,LLY,39.94277778,-74.84583333,America/New_York
13016,LMA,63.88583333,-152.30194444,America/Anchorage
13023,LMS,33.14611111,-89.0625,America/Chicago
13024,LMT,42.15611111,-121.73333333,America/Los_Angeles
13026,LND,42.81527778,-108.72861111,America/Denver
13028,LNI,70.91083333,-153.24222222,America/Anchorage
13029,LNK,40.85194444,-96.75583333,America/Chicago
13030,LNL,46.15416667,-89.21194444,America/Chicago
13031,LNP,36.9875,-82.52972222,America/New_York
13032,LNS,40.12222222,-76.29444444,America/New_York
13033,LNT,32.81194444,-85.22944444,America/New_York
13034,LNY,20.78555556,-156.95138889,Pacific/Honolulu
13038,LOI,27.61555556,-99.52,America/Chicago
13039,LOL,40.06638889,-118.565,America/Los_Angeles
13044,LOU,38.22805556,-85.66361111,America/Kentucky/Louisville
13046,LOZ,37.08694444,-84.0775,America/New_York
13049,LPC,34.66555556,-120.4675,America/Los_Angeles
13052,LPO,41.5725,-86.73444444,America/Chicago
13055,LPS,48.48388889,-122.93777778,America/Los_Angeles
13057,LPW,56.38333333,-134.83333333,America/Sitka
13058,LQK,34.81,-82.70277778,America/New_York
13061,LRD,27.54416667,-99.46166667,America/Chicago
13063,LRF,34.91833333,-92.14305556,America/Chicago
13064,WLR,55.60166667,-131.635,America/Sitka
13069,LRN,47.14305556,-119.24027778,America/Los_Angeles
13070,LRO,37.83666667,-121.27222222,America/Los_Angeles
13072,LRU,32.28916667,-106.92194444,America/Denver
13075,LSD,38.09111111,-84.31666667,America/New_York
13076,LSE,43.87888889,-91.25611111,America/Chicago
13077,LSF,32.33166667,-84.98722222,America/New_York
13080,LSN,37.06388889,-120.86972222,America/Los_Angeles
13083,LSR,65.39611111,-167.16305556,America/Nome
13087,LSV,36.23611111,-115.03416667,America/Los_Angeles
13097,LTS,34.66805556,-99.26777778,America/Chicago
13102,LUF,33.535,-112.38305556,America/Phoenix
13105,LUK,39.10305556,-84.4175,America/New_York
13106,LUL,31.67305556,-89.17277778,America/Chicago
13109,LUP,21.21111111,-156.97361111,Pacific/Honolulu
13111,LUR,68.875,-166.11111111,America/Nome
13115,LVD,61.35916667,-155.44027778,America/Anchorage
13117,LVK,37.69305556,-121.82027778,America/Los_Angeles
13118,LVM,45.66666667,-110.56666667,America/Denver
13120,LVS,35.65416667,-105.1425,America/Denver
13121,LWB,37.85833333,-80.39944444,America/New_York
13122,LWC,39.01111111,-95.21638889,America/Chicago
13123,LWF,35.23444444,-87.25805556,America/Chicago
13124,LWL,41.11722222,-114.92222222,America/Los_Angeles
13125,LWM,42.71694444,-71.12361111,America/New_York
13127,LWS,46.37166667,-117.00694444,America/Los_Angeles
13128,LWT,47.04888889,-109.46722222,America/Denver
13129,LWV,38.76416667,-87.60555556,America/Chicago
13132,LXN,40.79055556,-99.77583333,America/Chicago
13135,LXV,39.21944444,-106.31638889,America/Denver
13139,LYH,37.32527778,-79.20111111,America/New_York
13144,LYU,47.82388889,-91.82944444,America/Chicago
13151,LZU,33.97805556,-83.9625,America/New_York
13152,MA1,41.35833333,-70.52444444,America/New_York
13155,MAC,32.82166667,-83.56194444,America/New_York
13157,MAE,36.98861111,-120.1125,America/Los_Angeles
13158,MAF,31.9425,-102.20194444,America/Chicago
13173,MAW,36.59833333,-89.9925,America/Chicago
13176,MAZ,18.25555556,-67.14833333,America/Puerto_Rico
13182,MBL,44.2725,-86.24694444,America/Detroit
13184,MBS,43.53305556,-84.07972222,America/Detroit
13188,MBY,39.46305556,-92.42583333,America/Chicago
13191,MCB,31.17833333,-90.47194444,America/Chicago
13192,MCC,38.66777778,-121.40055556,America/Los_Angeles
13193,MCD,45.865,-84.63722222,America/Detroit
13194,MCE,37.28472222,-120.51388889,America/Los_Angeles
13195,MCF,27.84944444,-82.52111111,America/New_York
13196,MCG,62.95111111,-155.605,America/Anchorage
13198,MCI,39.29722222,-94.71333333,America/Chicago
13200,MCK,40.20638889,-100.59222222,America/Chicago
13201,MCL,63.645,-148.79194444,America/Anchorage
13203,MCN,32.69277778,-83.64916667,America/New_York
13204,MCO,28.42916667,-81.30666667,America/New_York
13211,MCW,43.15777778,-93.33111111,America/Chicago
13214,MDA,29.43138889,-98.37777778,America/Chicago
13217,MDD,32.03666667,-102.10166667,America/Chicago
13219,MDF,45.10138889,-90.30027778,America/Chicago
13221,MDH,37.77805556,-89.25194444,America/Chicago
13223,MDJ,44.67027778,-121.15527778,America/Los_Angeles
13226,MDO,59.45,-146.30722222,America/Anchorage
13228,MDR,63.10694444,-154.71666667,America/Anchorage
13230,MDT,40.19305556,-76.7625,America/New_York
13232,MDW,41.78583333,-87.7525,America/Chicago
13234,MDY,28.20444444,-177.37861111,Pacific/Midway
13236,ME1,44.99222222,-70.665,America/New_York
13241,MEI,32.33,-88.75416667,America/Chicago
13242,MEJ,41.62666667,-80.21472222,America/New_York
13244,MEM,35.04277778,-89.97666667,America/Chicago
13246,MEO,35.91888889,-75.69555556,America/New_York
13249,MER,37.38055556,-120.56555556,America/Los_Angeles
13251,MEV,39.00055556,-119.75111111,America/Los_Angeles
13255,MFD,40.82138889,-82.51666667,America/New_York
13256,MFE,26.17583333,-98.23861111,America/Chicago
13259,MFH,36.83305556,-114.05583333,America/Los_Angeles
13260,MFI,44.63694444,-90.18944444,America/Chicago
13264,MFR,42.375,-122.87333333,America/Los_Angeles
13266,MFT,32.85611111,-97.2,America/Chicago
13268,MFV,37.64694444,-75.76111111,America/New_York
13271,MGC,41.70333333,-86.82111111,America/Chicago
13273,MGE,33.91444444,-84.51416667,America/New_York
13275,MGJ,41.51194444,-74.26361111,America/New_York
13277,MGM,32.30055556,-86.39,America/Chicago
13280,MGR,31.06944444,-83.80277778,America/New_York
13282,MGW,39.64361111,-79.9175,America/New_York
13283,MGY,39.58888889,-84.22472222,America/New_York
13287,MHE,43.77472222,-98.03861111,America/Chicago
13290,MHK,39.14222222,-96.66888889,America/Chicago
13291,MHL,39.09555556,-93.20277778,America/Chicago
13292,MHM,63.88583333,-152.30194444,America/Anchorage
13295,MHR,38.55583333,-121.29694444,America/Los_Angeles
13296,MHT,42.93277778,-71.43583333,America/New_York
13297,MHV,35.05888889,-118.15055556,America/Los_Angeles
13300,MI1,43.14222222,-85.25388889,America/Detroit
13301,MI2,42.74277778,-86.10777778,America/Detroit
13302,MI3,42.62944444,-83.98222222,America/Detroit
13303,MIA,25.79611111,-80.28972222,America/New_York
13304,MIB,48.41583333,-101.35805556,America/Chicago
13305,MIC,45.0625,-93.35388889,America/Chicago
13307,MIE,40.23972222,-85.39472222,America/Indiana/Indianapolis
13314,MIO,36.90916667,-94.8875,America/Chicago
13316,MIQ,41.19611111,-96.11222222,America/Chicago
13319,MIT,35.5075,-119.19222222,America/Los_Angeles
13321,MIV,39.36777778,-75.07222222,America/New_York
13322,MIW,42.11277778,-92.91777778,America/Chicago
13335,MJQ,43.63333333,-94.98333333,America/Chicago
13338,MJX,39.92611111,-74.29555556,America/New_York
13341,MKC,39.12305556,-94.59277778,America/Chicago
13342,MKE,42.94694444,-87.89694444,America/Chicago
13344,MKG,43.16777778,-86.23555556,America/Detroit
13347,MKK,21.15277778,-157.09638889,Pacific/Honolulu
13348,MKL,35.6,-88.91555556,America/Chicago
13350,MKO,35.65777778,-95.36166667,America/Chicago
13354,MKT,44.22083333,-93.91638889,America/Chicago
13360,MLB,28.10222222,-80.64333333,America/New_York
13361,MLC,34.8825,-95.78333333,America/Chicago
13362,MLD,42.17,-112.29277778,America/Boise
13364,MLF,38.42666667,-113.01333333,America/Denver
13367,MLI,41.4475,-90.50805556,America/Chicago
13368,MLK,48.36694444,-107.91944444,America/Denver
13369,MLL,61.86416667,-162.02611111,America/Nome
13375,MLS,46.42694444,-105.88833333,America/Denver
13376,MLT,45.64777778,-68.68555556,America/New_York
13377,MLU,32.51138889,-92.03666667,America/Chicago
13381,MLY,64.98805556,-150.6475,America/Anchorage
13388,MMH,37.63111111,-118.85138889,America/Los_Angeles
13389,MMI,35.39916667,-84.56166667,America/New_York
13392,MML,44.45166667,-95.82444444,America/Chicago
13394,MMN,42.46027778,-71.51805556,America/New_York
13397,MMT,33.92083333,-80.80111111,America/New_York
13398,MMU,40.79944444,-74.415,America/New_York
13401,MN1,47.59277778,-95.77361111,America/Chicago
13402,MN2,46.41861111,-92.80472222,America/Chicago
13403,MN3,45.30555556,-96.42444444,America/Chicago
13409,MNM,45.12638889,-87.63861111,America/Menominee
13410,MNN,40.61638889,-83.06333333,America/New_York
13415,MNT,65.14805556,-149.36861111,America/Anchorage
13418,MNZ,38.72111111,-77.515,America/New_York
13419,MO1,39.3325,-94.30972222,America/Chicago
13420,MO2,38.5875,-90.99388889,America/Chicago
13422,MOB,30.69138889,-88.24277778,America/Chicago
13424,MOD,37.62583333,-120.95444444,America/Los_Angeles
13429,MOP,43.62166667,-84.73722222,America/Detroit
13431,MOR,36.17944444,-83.37555556,America/New_York
13432,MOS,64.69805556,-162.05722222,America/Nome
13433,MOT,48.25777778,-101.27805556,America/Chicago
13434,MOU,62.09472222,-163.68277778,America/Nome
13439,MPB,25.77833333,-80.17027778,America/New_York
13440,ID2,42.33611111,-111.28888889,America/Boise
13441,MPJ,35.13888889,-92.90916667,America/Chicago
13446,MPO,41.13777778,-75.38,America/New_York
13447,MPR,38.3525,-97.69138889,America/Chicago
13448,MPS,33.12861111,-94.97583333,America/Chicago
13450,MPV,44.20361111,-72.56222222,America/New_York
13452,MQB,40.52,-90.6525,America/Chicago
13453,MQJ,39.84305556,-85.89777778,America/Indiana/Indianapolis
13459,MQT,46.34916667,-87.39638889,America/Detroit
13461,MQY,36.00888889,-86.52,America/Chicago
13463,MRB,39.40222222,-77.98305556,America/New_York
13464,MRC,35.55444444,-87.17916667,America/Chicago
13466,MRH,34.73416667,-76.66027778,America/New_York
13467,MRI,61.21361111,-149.84472222,America/Anchorage
13469,MRK,25.995,-81.6725,America/New_York
13470,MRN,35.83333333,-81.61666667,America/New_York
13476,MRY,36.58694444,-121.84194444,America/Los_Angeles
13478,MS1,33.83027778,-89.79361111,America/Chicago
13480,MSC,33.46083333,-111.72833333,America/Phoenix
13484,MSL,34.74527778,-87.61027778,America/Chicago
13485,MSN,43.14,-89.3375,America/Chicago
13486,MSO,46.91611111,-114.09138889,America/Denver
13487,MSP,44.88194444,-93.22166667,America/Chicago
13490,MSS,44.93611111,-74.845,America/New_York
13493,MSV,41.70166667,-74.795,America/New_York
13495,MSY,29.98888889,-90.25,America/Chicago
13497,MT1,45.85277778,-106.70916667,America/Denver
13498,MTC,42.61388889,-82.83694444,America/Detroit
13501,MTH,24.72611111,-81.05138889,America/New_York
13502,MTJ,38.50888889,-107.89444444,America/Denver
13504,MTM,55.13333333,-131.58333333,America/Metlakatla
13505,MTN,39.32555556,-76.41388889,America/New_York
13506,MTO,39.47777778,-88.28,America/Chicago
13507,MTP,41.07666667,-71.92055556,America/New_York
13512,MTW,44.12888889,-87.68055556,America/Chicago
13513,MTX,64.80666667,-147.7625,America/Anchorage
13520,MUE,20.00138889,-155.66805556,Pacific/Honolulu
13523,MUL,31.13777778,-83.70416667,America/New_York
13525,MUO,43.04361111,-115.8725,America/Boise
13527,MUT,41.36777778,-91.14833333,America/Chicago
13535,MVL,44.53444444,-72.61388889,America/New_York
13536,MVM,36.71638889,-110.22833333,America/Denver
13537,MVN,38.32333333,-88.85861111,America/Chicago
13540,MVW,48.47055556,-122.42166667,America/Los_Angeles
13541,MVY,41.39305556,-70.61222222,America/New_York
13543,MWA,37.755,-89.01111111,America/Chicago
13544,MWC,43.11027778,-88.03444444,America/Chicago
13546,MWH,47.21055556,-119.32111111,America/Los_Angeles
13547,MWL,32.78166667,-98.06027778,America/Chicago
13548,MWM,43.91333333,-95.10944444,America/Chicago
13549,MWO,39.53166667,-84.39638889,America/New_York
13553,MXC,37.93722222,-109.34638889,America/Denver
13554,MXE,34.78833333,-79.37444444,America/New_York
13555,MXF,32.38,-86.365,America/Chicago
13556,MXG,42.34305556,-71.50888889,America/New_York
13564,MXY,61.43777778,-142.9025,America/Anchorage
13570,MYF,32.81583333,-117.13944444,America/Los_Angeles
13572,MYH,36.73444444,-111.75277778,America/Phoenix
13574,MYK,61.33611111,-142.68583333,America/Anchorage
13575,MYL,44.88861111,-116.10166667,America/Boise
13577,MYR,33.67972222,-78.92833333,America/New_York
13579,MYU,60.3725,-166.27027778,America/Nome
13580,MYV,39.09777778,-121.56972222,America/Los_Angeles
13587,MZJ,32.50972222,-111.32527778,America/Phoenix
13595,MZZ,40.49,-85.67972222,America/Indiana/Indianapolis
13596,N47,40.26055556,-75.67083333,America/New_York
13597,N87,40.21388889,-74.60166667,America/New_York
13599,NAD,42.69638889,-73.17055556,America/New_York
13612,NBG,29.82722222,-90.02666667,America/Chicago
13613,NBJ,41.53333333,-72.04305556,America/New_York
13617,NBU,42.08333333,-87.81833333,America/Chicago
13619,NC1,35.2025,-81.15,America/New_York
13620,NC2,35.54083333,-78.39027778,America/New_York
13621,NC3,35.25583333,-81.60083333,America/New_York
13622,NC4,36.4,-76.01555556,America/New_York
13623,NC5,35.0,-77.98166667,America/New_York
13629,NCN,60.07861111,-147.99472222,America/Anchorage
13630,NCO,41.59944444,-71.41666667,America/New_York
13632,NCQ,33.91444444,-84.51416667,America/New_York
13637,ND1,46.64861111,-96.99888889,America/Chicago
13645,NE1,40.92555556,-100.14666667,America/Chicago
13646,NE2,41.41472222,-96.10888889,America/Chicago
13647,NEA,31.25055556,-81.47611111,America/New_York
13650,NEL,40.035,-74.35222222,America/New_York
13655,NEW,30.04194444,-90.02777778,America/Chicago
13656,NFL,39.41777778,-118.69861111,America/Los_Angeles
13659,NGC,36.18333333,-112.13333333,America/Phoenix
13662,NGF,21.45055556,-157.76805556,Pacific/Honolulu
13663,NGM,13.44972222,144.75,Pacific/Guam
13665,NGP,27.69277778,-97.29027778,America/Chicago
13667,NGU,36.9375,-76.28916667,America/New_York
13668,NGZ,37.79055556,-122.32555556,America/Los_Angeles
13671,NHK,38.28638889,-76.41,America/New_York
13674,NHZ,43.89222222,-69.93888889,America/New_York
13676,NIB,63.01861111,-154.35833333,America/Anchorage
13678,NIE,55.06666667,-132.14583333,America/Sitka
13681,NIN,60.02027778,-151.58944444,America/Anchorage
13682,NIP,30.23166667,-81.67861111,America/New_York
13685,NJ1,39.77833333,-74.94777778,America/New_York
13686,NJ2,39.66555556,-74.30805556,America/New_York
13689,NJK,32.82666667,-115.66861111,America/Los_Angeles
13693,NKI,55.875,-133.22083333,America/Sitka
13697,N1C,34.90305556,-76.88083333,America/New_York
13698,NKV,55.85,-133.21666667,America/Sitka
13700,NKX,32.86861111,-117.1425,America/Los_Angeles
13702,NLC,36.33305556,-119.95222222,America/Los_Angeles
13704,NLG,56.0075,-161.16027778,America/Anchorage
13710,NME,60.46916667,-164.70416667,America/Nome
13714,NNK,58.73472222,-157.02527778,America/Anchorage
13715,NNL,59.98027778,-154.83916667,America/Anchorage
13725,NOT,38.14361111,-122.55722222,America/Los_Angeles
13728,NPA,30.35333333,-87.31805556,America/Chicago
13731,NPT,41.5325,-71.28166667,America/New_York
13732,NQA,35.35666667,-89.87055556,America/Chicago
13733,NQI,27.50777778,-97.80944444,America/Chicago
13736,NQX,24.57472222,-81.68666667,America/New_York
13739,NRB,30.39138889,-81.42444444,America/New_York
13740,NRI,36.5775,-94.86194444,America/Chicago
13743,NRR,18.24972222,-65.63555556,America/Puerto_Rico
13747,NSE,30.7225,-87.02388889,America/Chicago
13748,NSF,38.81083333,-76.86694444,America/New_York
13750,1FL,28.615,-80.69444444,America/New_York
13756,NTD,34.12027778,-119.12083333,America/Los_Angeles
13763,NTU,36.82277778,-76.03194444,America/New_York
13767,NUI,70.20972222,-151.00638889,America/Anchorage
13768,NUL,64.72944444,-158.07416667,America/Anchorage
13769,NUN,30.46972222,-87.33805556,America/Chicago
13770,NUP,60.90611111,-162.44055556,America/Nome
13771,NUQ,37.41611111,-122.04916667,America/Los_Angeles
13772,NUW,48.35194444,-122.65583333,America/Los_Angeles
13773,NV1,36.56805556,-114.44333333,America/Los_Angeles
13775,NVD,37.8525,-94.30472222,America/Chicago
13780,NXX,40.19972222,-75.14805556,America/New_York
13781,NY1,41.98527778,-73.96444444,America/New_York
13782,NY2,43.35083333,-76.38805556,America/New_York
13783,NY3,42.45,-75.01638889,America/New_York
13784,NYC,40.72722222,-73.92666667,America/New_York
13785,NYL,32.65666667,-114.60611111,America/Phoenix
13788,VQQ,30.21666667,-81.875,America/New_York
13789,NZJ,33.6675,-117.71833333,America/Los_Angeles
13790,NZW,42.14861111,-70.94027778,America/New_York
13791,NZY,32.69833333,-117.21305556,America/Los_Angeles
13792,O85,40.57361111,-122.40722222,America/Los_Angeles
13795,OAJ,34.82916667,-77.61222222,America/New_York
13796,OAK,37.72138889,-122.22111111,America/Los_Angeles
13805,OBT,39.58083333,-79.33583333,America/New_York
13806,OBU,66.91222222,-156.89722222,America/Anchorage
13808,OCE,38.31055556,-75.12388889,America/New_York
13809,OCF,29.17194444,-82.22416667,America/New_York
13810,OCH,31.57777778,-94.71,America/Chicago
13811,OCI,60.2,-147.81666667,America/Anchorage
13813,OCN,33.21805556,-117.35138889,America/Los_Angeles
13814,OCW,35.57055556,-77.04972222,America/New_York
13819,ODM,39.40666667,-79.41388889,America/New_York
13821,ODW,48.25166667,-122.67361111,America/Los_Angeles
13824,OFF,41.11944444,-95.90861111,America/Chicago
13825,OFK,41.98555556,-97.435,America/Chicago
13826,OFU,-14.18444444,-169.67,Pacific/Pago_Pago
13827,OGA,41.11944444,-101.76972222,America/Denver
13828,OGB,33.45694444,-80.85944444,America/New_York
13829,OGD,41.19472222,-112.01277778,America/Denver
13830,OGG,20.90277778,-156.42611111,Pacific/Honolulu
13832,OGS,44.68222222,-75.46333333,America/New_York
13833,OH1,39.57027778,-83.42055556,America/New_York
13834,OH2,40.37222222,-83.81916667,America/New_York
13835,OH3,39.44055556,-83.02305556,America/New_York
13836,OH4,40.22444444,-83.35166667,America/New_York
13837,OH5,39.24666667,-84.38888889,America/New_York
13838,OH6,41.21027778,-81.25166667,America/New_York
13839,OH7,41.15138889,-81.415,America/New_York
13841,OHC,63.32638889,-168.96888889,America/Nome
13845,OIC,42.56638889,-75.52416667,America/New_York
13848,OJC,38.8475,-94.7375,America/Chicago
13851,OKC,35.3925,-97.60222222,America/Chicago
13854,OKK,40.52777778,-86.05972222,America/Indiana/Indianapolis
13861,OLE,42.24111111,-78.37138889,America/New_York
13862,OLF,48.09444444,-105.575,America/Denver
13863,OLH,57.21833333,-153.26972222,America/Anchorage
13865,OLM,46.96944444,-122.9025,America/Los_Angeles
13868,OLS,31.41777778,-110.84777778,America/Phoenix
13869,OLU,41.44861111,-97.34083333,America/Chicago
13870,OLV,34.97888889,-89.78694444,America/Chicago
13871,OMA,41.30305556,-95.89388889,America/Chicago
13873,OME,64.51055556,-165.44472222,America/Nome
13876,OMK,48.46444444,-119.51805556,America/Los_Angeles
13881,ONA,44.07972222,-91.71166667,America/Chicago
13884,ONH,42.52472222,-75.06444444,America/New_York
13886,ONL,42.46944444,-98.68777778,America/Chicago
13887,ONM,34.0225,-106.90305556,America/Denver
13888,ONN,58.06805556,-153.25388889,America/Anchorage
13889,ONO,44.01944444,-117.01305556,America/Boise
13890,ONP,44.58027778,-124.05805556,America/Los_Angeles
13891,ONT,34.05611111,-117.60111111,America/Los_Angeles
13893,OOB,57.48333333,-135.86666667,America/Sitka
13894,OOK,60.54138889,-165.08722222,America/Nome
13898,OPF,25.90611111,-80.27833333,America/New_York
13899,OPH,63.14583333,-156.52888889,America/Anchorage
13901,OQA,55.93722222,-131.81277778,America/Sitka
13902,OQB,57.92638889,-156.08333333,America/Anchorage
13903,OQC,57.06666667,-157.81416667,America/Anchorage
13905,OQF,58.28444444,-136.08472222,America/Juneau
13906,OQG,57.91138889,-133.40222222,America/Juneau
13908,OQI,57.85694444,-157.08666667,America/Anchorage
13909,OQK,68.98333333,-163.44555556,America/Nome
13910,OQL,56.23333333,-160.075,America/Anchorage
13911,OQM,56.76666667,-158.08527778,America/Anchorage
13912,OQN,60.95527778,-153.9075,America/Anchorage
13913,OQO,62.43416667,-151.41472222,America/Anchorage
13914,OQP,57.17833333,-157.73333333,America/Anchorage
13915,OQQ,60.18333333,-154.33388889,America/Anchorage
13916,OQR,60.65277778,-154.03611111,America/Anchorage
13917,OQS,56.23333333,-160.22583333,America/Anchorage
13920,OQV,61.01361111,-151.40694444,America/Anchorage
13921,OQW,61.43416667,-157.05,America/Anchorage
13922,OQX,67.0,-162.83333333,America/Nome
13923,OQY,66.88333333,-161.48333333,America/Anchorage
13924,OQZ,62.04333333,-158.25638889,America/Anchorage
13925,OR1,42.51,-123.38805556,America/Los_Angeles
13926,OR2,44.87666667,-124.02861111,America/Los_Angeles
13927,OR3,43.98277778,-124.11138889,America/Los_Angeles
13930,ORD,41.97694444,-87.90805556,America/Chicago
13931,ORF,36.89472222,-76.20111111,America/New_York
13933,ORH,42.26722222,-71.87555556,America/New_York
13934,ORI,57.885,-152.8475,America/Anchorage
13936,ORL,28.54555556,-81.33305556,America/New_York
13940,ORT,62.96111111,-141.92805556,America/Anchorage
13942,ORV,66.8175,-161.02222222,America/Anchorage
13946,OSB,38.11055556,-92.68055556,America/Chicago
13947,OSC,44.45166667,-83.39416667,America/Detroit
13949,OSH,43.98611111,-88.55638889,America/Chicago
13958,OSU,40.07944444,-83.07333333,America/New_York
13959,OSX,33.09027778,-89.54194444,America/Chicago
13963,OTG,43.655,-95.57916667,America/Chicago
13964,OTH,43.41694444,-124.24694444,America/Los_Angeles
13965,OTM,41.10722222,-92.44722222,America/Chicago
13968,OTS,48.49861111,-122.6625,America/Los_Angeles
13970,OTZ,66.88916667,-162.60666667,America/Nome
13976,OUN,35.23944444,-97.47305556,America/Chicago
13981,OVE,39.48777778,-121.62194444,America/Los_Angeles
13982,OWA,44.12305556,-93.25888889,America/Chicago
13983,OWB,37.73972222,-87.16722222,America/Chicago
13984,OWD,42.19055556,-71.17305556,America/New_York
13987,OXC,41.47833333,-73.13527778,America/New_York
13988,OXR,34.20083333,-119.20722222,America/Los_Angeles
13989,OXV,41.30166667,-93.11277778,America/Chicago
13994,OYS,37.75,-119.58333333,America/Los_Angeles
13995,OZA,30.73527778,-101.20222222,America/Chicago
13999,OZR,31.27583333,-85.71333333,America/Chicago
14000,PA1,41.78888889,-75.89,America/New_York
14001,PA2,40.08611111,-78.51361111,America/New_York
14004,PAE,47.90722222,-122.28222222,America/Los_Angeles
14006,PAH,37.06111111,-88.7725,America/Chicago
14007,PAK,21.89694444,-159.60305556,Pacific/Honolulu
14009,PAM,30.06944444,-85.57555556,America/Chicago
14011,PAO,37.46111111,-122.115,America/Los_Angeles
14013,PAQ,61.595,-149.08861111,America/Anchorage
14021,PBA,71.33861111,-156.63277778,America/Anchorage
14024,PBF,34.17444444,-91.93555556,America/Chicago
14025,PBG,44.65083333,-73.46805556,America/New_York
14027,DJT,26.68305556,-80.09555556,America/New_York
14028,PBK,57.8,-134.7,America/Juneau
14034,PBX,37.56194444,-82.56638889,America/New_York
14037,PCA,58.90638889,-157.71111111,America/Anchorage
14039,PCD,43.01916667,-91.12361111,America/Chicago
14040,PCE,57.15388889,-157.39694444,America/Anchorage
14042,PCK,67.23777778,-150.28611111,America/Anchorage
14044,PCT,40.39916667,-74.65888889,America/New_York
14046,PDB,59.79694444,-154.13,America/Anchorage
14050,PDK,33.87583333,-84.30222222,America/New_York
14054,PDT,45.695,-118.84333333,America/Los_Angeles
14057,PDX,45.58861111,-122.59805556,America/Los_Angeles
14062,PEC,57.95,-136.23333333,America/Juneau
14070,PEQ,31.3825,-103.51083333,America/Chicago
14075,PFA,58.72694444,-156.94333333,America/Anchorage
14077,PFD,57.95,-135.65,America/Juneau
14078,PFN,30.2125,-85.68194444,America/Chicago
14081,PGA,36.92611111,-111.44833333,America/Phoenix
14082,PGD,26.91861111,-81.99083333,America/New_York
14087,PGL,30.37638889,-88.49527778,America/Chicago
14088,PGM,59.34861111,-151.83027778,America/Anchorage
14089,PGO,37.28638889,-107.05611111,America/Denver
14091,PGS,35.52833333,-113.24666667,America/Phoenix
14092,PGV,35.63555556,-77.38416667,America/New_York
14096,PHD,40.47027778,-81.42,America/New_York
14098,PHF,37.12638889,-76.49888889,America/New_York
14100,PHL,39.87416667,-75.23666667,America/New_York
14101,PHN,42.91083333,-82.52888889,America/Detroit
14102,PHO,68.34805556,-166.79916667,America/Nome
14105,PHT,36.33583333,-88.38444444,America/Chicago
14107,PHX,33.43361111,-112.01194444,America/Phoenix
14108,PIA,40.65972222,-89.68888889,America/Chicago
14109,PIB,31.46722222,-89.33694444,America/Chicago
14112,PIE,27.90861111,-82.68638889,America/New_York
14113,PIH,42.89861111,-112.605,America/Boise
14114,PII,64.85,-147.78666667,America/Anchorage
14116,PIM,32.84055556,-84.8825,America/New_York
14119,PIP,57.58027778,-157.57194444,America/Anchorage
14120,PIR,44.38638889,-100.29583333,America/Chicago
14122,PIT,40.49138889,-80.23277778,America/New_York
14125,PIZ,69.73277778,-163.00527778,America/Nome
14126,PJB,34.25694444,-111.33916667,America/Phoenix
14129,PJS,60.05,-148.06666667,America/Anchorage
14130,PKA,60.70277778,-161.77833333,America/Anchorage
14131,PKB,39.345,-81.43916667,America/New_York
14133,PKD,46.90111111,-95.07305556,America/Chicago
14143,PLB,44.68833333,-73.52111111,America/New_York
14147,PLK,36.62583333,-93.22888889,America/Chicago
14150,PLN,45.57083333,-84.79666667,America/Detroit
14157,PLY,41.365,-86.30027778,America/Indiana/Indianapolis
14160,PMB,48.9425,-97.24055556,America/Chicago
14162,PMD,34.62944444,-118.08444444,America/Los_Angeles
14165,PMH,38.84055556,-82.84722222,America/New_York
14167,PML,56.00611111,-160.56083333,America/Anchorage
14173,PMU,61.96666667,-160.23333333,America/Anchorage
14180,PNC,36.73194444,-97.09972222,America/Chicago
14182,PNE,40.08222222,-75.01333333,America/New_York
14183,PNF,58.68333333,-156.83333333,America/Anchorage
14193,PNS,30.47277778,-87.18805556,America/Chicago
14194,PNX,33.7,-96.66666667,America/Chicago
14197,POB,35.17083333,-79.01444444,America/New_York
14198,POC,34.09166667,-117.78166667,America/Los_Angeles
14199,POD,58.11666667,-135.5,America/Juneau
14200,POE,31.04777778,-93.19388889,America/Chicago
14201,POF,36.71111111,-90.31388889,America/Chicago
14203,POH,42.74277778,-94.64722222,America/Chicago
14208,POQ,55.2,-132.23333333,America/Sitka
14212,POU,41.62666667,-73.88416667,America/New_York
14215,POY,44.86722222,-108.79333333,America/Denver
14218,PPC,66.81416667,-150.64361111,America/Anchorage
14219,PPD,18.15,-65.83333333,America/Puerto_Rico
14221,PPF,37.33083333,-95.50611111,America/Chicago
14222,PPG,-14.33166667,-170.71138889,Pacific/Pago_Pago
14223,PPM,26.24722222,-80.11111111,America/New_York
14229,PPV,56.32916667,-133.60833333,America/Sitka
14231,PQI,46.685,-68.04694444,America/New_York
14234,PQS,61.96138889,-162.94222222,America/Nome
14236,PRB,35.67805556,-120.6275,America/Los_Angeles
14237,PRC,34.65472222,-112.41916667,America/Phoenix
14238,PRD,43.02361111,-102.51666667,America/Denver
14244,PRT,58.41083333,-134.95638889,America/Juneau
14247,PRX,33.63666667,-95.45083333,America/Chicago
14249,PRZ,44.28777778,-120.90555556,America/Los_Angeles
14251,PSB,40.88444444,-78.08722222,America/New_York
14252,PSC,46.26472222,-119.11888889,America/Los_Angeles
14254,PSE,18.00888889,-66.56444444,America/Puerto_Rico
14255,PSF,42.4275,-73.29083333,America/New_York
14256,PSG,56.80138889,-132.94611111,America/Sitka
14258,PSK,37.13722222,-80.67861111,America/New_York
14259,PSM,43.07805556,-70.82333333,America/New_York
14260,PSN,31.77972222,-95.70638889,America/Chicago
14262,PSP,33.82972222,-116.50666667,America/Los_Angeles
14265,PSX,28.7275,-96.25083333,America/Chicago
14268,PTA,60.20444444,-154.31888889,America/Anchorage
14269,PTC,55.78333333,-133.6,America/Sitka
14270,PTD,56.24722222,-134.64638889,America/Sitka
14273,PTH,56.95916667,-158.63333333,America/Anchorage
14275,PTK,42.66555556,-83.41833333,America/Detroit
14276,PTL,56.29611111,-134.66138889,America/Sitka
14277,PTN,29.70944444,-91.33888889,America/Chicago
14279,PTR,57.83333333,-153.25,America/Anchorage
14280,PTS,37.45,-94.73111111,America/Chicago
14281,PTT,37.7025,-98.74694444,America/Chicago
14282,PTU,59.01777778,-161.82722222,America/Anchorage
14283,PTV,36.02944444,-119.06277778,America/Los_Angeles
14284,PTW,40.23944444,-75.55666667,America/New_York
14288,PUB,38.29,-104.49805556,America/Denver
14289,PUC,39.61388889,-110.75166667,America/Denver
14295,PUL,47.73388889,-122.64722222,America/Los_Angeles
14296,PUO,70.25194444,-148.34277778,America/Anchorage
14303,PUW,46.74166667,-117.11166667,America/Los_Angeles
14306,PVC,42.07222222,-70.22083333,America/New_York
14307,PVD,41.72222222,-71.42777778,America/New_York
14308,PVF,38.72416667,-120.75333333,America/Los_Angeles
14314,PVU,40.21888889,-111.7225,America/Denver
14315,PVW,34.16805556,-101.71722222,America/Chicago
14316,PVY,59.31666667,-154.91666667,America/Anchorage
14317,PVZ,41.73527778,-81.22055556,America/New_York
14318,PWA,35.53388889,-97.64722222,America/Chicago
14320,PWK,42.11416667,-87.90166667,America/Chicago
14321,PWM,43.64555556,-70.30861111,America/New_York
14322,PWR,56.38333333,-134.65,America/Sitka
14323,PWT,47.49027778,-122.76472222,America/Los_Angeles
14327,PYA,60.0575,-148.05111111,America/Anchorage
14331,PYL,60.68583333,-147.91666667,America/Anchorage
14332,PYM,41.90888889,-70.7275,America/New_York
14341,QAF,41.97583333,-114.65805556,America/Los_Angeles
14344,QAJ,33.35305556,-110.66722222,America/Phoenix
14345,QAK,41.51638889,-82.86944444,America/New_York
14346,QAL,41.60305556,-82.685,America/New_York
14347,LLX,44.56916667,-72.01805556,America/New_York
14348,QAS,29.67777778,-95.41194444,America/Chicago
14352,QAX,33.96666667,-118.45,America/Los_Angeles
14358,QBH,36.63472222,-116.4125,America/Los_Angeles
14359,QBI,38.78055556,-110.32916667,America/Denver
14360,QBM,41.63666667,-82.82833333,America/New_York
14361,QBN,41.68833333,-82.80805556,America/New_York
14365,QBT,44.76111111,-115.10722222,America/Boise
14366,QBX,38.9,-97.23333333,America/Chicago
14367,QBY,41.71805556,-82.82111111,America/New_York
14371,CJR,38.52555556,-77.85972222,America/New_York
14375,QCT,33.55,-102.36666667,America/Chicago
14377,QCW,48.6,-123.0,America/Los_Angeles
14378,QCX,36.62972222,-80.01666667,America/New_York
14383,QEM,33.55833333,-117.71111111,America/Los_Angeles
14386,QFX,33.40027778,-118.38333333,America/Los_Angeles
14387,QGS,47.16666667,-88.5,America/Detroit
14388,QHI,29.68361111,-95.5,America/Chicago
14391,QHO,29.81416667,-95.30916667,America/Chicago
14392,QIR,47.83333333,-88.83333333,America/Detroit
14395,QKV,19.64722222,-156.01194444,Pacific/Honolulu
14397,QMA,34.01305556,-84.59694444,America/New_York
14399,QMH,29.69777778,-95.4075,America/Chicago
14400,QMN,42.00083333,-71.19805556,America/New_York
14406,QOR,38.24666667,-78.04722222,America/New_York
14409,QPO,29.74111111,-95.45638889,America/Chicago
14410,QPT,44.76861111,-69.37444444,America/New_York
14412,QQB,60.15,-154.61666667,America/Anchorage
14413,QQC,66.78333333,-162.01666667,America/Nome
14414,QQD,42.3675,-71.06666667,America/New_York
14415,QQE,67.11666667,-163.75,America/Nome
14417,QQG,39.60833333,-77.00777778,America/New_York
14420,QQJ,46.525,-114.05277778,America/Denver
14422,QQL,48.72583333,-116.29527778,America/Los_Angeles
14423,QQM,40.52222222,-121.81666667,America/Los_Angeles
14424,QQN,36.39888889,-119.10694444,America/Los_Angeles
14427,QQQ,39.22416667,-121.0025,America/Los_Angeles
14430,QQT,33.35777778,-84.5725,America/New_York
14431,QQU,35.65194444,-109.0675,America/Denver
14434,QQX,38.65277778,-122.89861111,America/Los_Angeles
14435,QQY,29.89277778,-97.86277778,America/Chicago
14438,QRD,33.81694444,-118.36666667,America/Los_Angeles
14441,QSO,42.10111111,-72.03888889,America/New_York
14444,WPO,38.83138889,-107.64583333,America/Denver
14447,RAC,42.76111111,-87.81388889,America/Chicago
14454,RAL,33.95194444,-117.445,America/Los_Angeles
14457,RAP,44.04888889,-103.06138889,America/Denver
14461,RAX,40.31694444,-74.03805556,America/New_York
14464,RBB,57.51638889,-157.38777778,America/Anchorage
14465,RBD,32.67916667,-96.86666667,America/Chicago
14466,RBF,34.26388889,-116.85611111,America/Los_Angeles
14467,RBG,43.23944444,-123.35583333,America/Los_Angeles
14468,RBH,58.55,-155.8,America/Anchorage
14469,RBL,40.15027778,-122.25222222,America/Los_Angeles
14470,RBN,24.62861111,-82.87333333,America/New_York
14474,RBY,64.72722222,-155.47,America/Anchorage
14475,RCA,44.145,-103.10361111,America/Denver
14477,RCE,48.61222222,-123.13861111,America/Los_Angeles
14482,RCT,43.89166667,-85.51666667,America/Detroit
14485,RDB,68.03222222,-162.89916667,America/Nome
14487,RDD,40.50972222,-122.295,America/Los_Angeles
14488,RDG,40.37861111,-75.96527778,America/New_York
14489,RDM,44.25416667,-121.15055556,America/Los_Angeles
14490,RDR,47.96138889,-97.40083333,America/Chicago
14492,RDU,35.87583333,-78.78555556,America/New_York
14493,RDV,61.78805556,-157.35027778,America/Anchorage
14495,REB,34.08527778,-117.14638889,America/Los_Angeles
14497,RED,40.6775,-77.62694444,America/New_York
14498,REE,33.59638889,-102.04194444,America/Chicago
14500,REH,38.71944444,-75.12666667,America/New_York
14512,RFD,42.19527778,-89.09722222,America/Chicago
14520,RHI,45.63083333,-89.46666667,America/Chicago
14524,RIC,37.51722222,-77.32416667,America/New_York
14525,RID,39.75611111,-84.84277778,America/Indiana/Indianapolis
14526,RIE,45.47916667,-91.72277778,America/Chicago
14527,RIF,38.73416667,-112.10166667,America/Denver
14530,RIL,39.52666667,-107.72805556,America/Denver
14532,RIR,33.98888889,-117.41,America/Los_Angeles
14533,RIV,33.88083333,-117.25944444,America/Los_Angeles
14534,RIW,43.06555556,-108.46055556,America/Denver
14539,RKD,44.06027778,-69.09972222,America/New_York
14541,RKP,28.08611111,-97.04361111,America/Chicago
14542,RKR,35.02166667,-94.62138889,America/Chicago
14543,RKS,41.59416667,-109.06527778,America/Denver
14546,RKW,35.92222222,-84.68972222,America/Chicago
14547,RLA,37.93555556,-91.81361111,America/Chicago
14548,RLD,46.30555556,-119.30416667,America/Los_Angeles
14551,RLU,67.10166667,-156.92916667,America/Anchorage
14553,RME,43.23388889,-75.40694444,America/New_York
14554,RMG,34.35083333,-85.15861111,America/New_York
14557,RMN,38.39916667,-77.45666667,America/New_York
14559,RMP,65.50777778,-150.14083333,America/Anchorage
14564,RNC,35.69861111,-85.84388889,America/Chicago
14565,RND,29.52888889,-98.27805556,America/Chicago
14567,RNG,40.09388889,-108.76305556,America/Denver
14570,RNO,39.49916667,-119.76805556,America/Los_Angeles
14572,RNT,47.49305556,-122.21583333,America/Los_Angeles
14574,ROA,37.32583333,-79.97861111,America/New_York
14576,ROC,43.11916667,-77.67194444,America/New_York
14577,ROG,36.3725,-94.10694444,America/Chicago
14579,ROL,40.27833333,-110.05138889,America/Denver
14582,ROP,14.17444444,145.24111111,Pacific/Saipan
14588,ROW,33.3,-104.52944444,America/Denver
14589,ROX,48.85638889,-95.69694444,America/Chicago
14592,RPX,46.475,-108.54333333,America/Denver
14593,RQA,36.58861111,-118.04944444,America/Los_Angeles
14594,RQB,43.4325,-113.05555556,America/Boise
14595,RQC,46.44861111,-109.85277778,America/Denver
14596,RQD,36.75861111,-120.37138889,America/Los_Angeles
14597,RQE,46.21333333,-119.79555556,America/Los_Angeles
14598,RQF,35.48305556,-81.16138889,America/New_York
14599,RQG,35.58333333,-89.58722222,America/Chicago
14600,RQH,40.38916667,-75.29055556,America/New_York
14601,RQI,62.23388889,-154.73472222,America/Anchorage
14603,RQK,35.68555556,-117.69472222,America/Los_Angeles
14604,RQL,41.23027778,-87.50777778,America/Chicago
14605,RQM,42.42583333,-71.79277778,America/New_York
14606,RQN,42.10361111,-123.6825,America/Los_Angeles
14607,RQO,42.71527778,-76.88222222,America/New_York
14608,RQP,32.95388889,-103.40888889,America/Denver
14609,RQQ,38.67388889,-121.87194444,America/Los_Angeles
14610,RQR,45.42555556,-84.91333333,America/Detroit
14612,RQT,33.48388889,-101.81305556,America/Chicago
14613,RQU,35.61972222,-119.35361111,America/Los_Angeles
14614,RQV,40.61944444,-111.99277778,America/Denver
14615,RQW,37.85972222,-112.81583333,America/Denver
14616,RQX,39.2425,-102.28527778,America/Denver
14617,RQY,31.92027778,-98.59916667,America/Chicago
14618,RQZ,30.42888889,-86.68888889,America/Chicago
14623,RRT,48.94138889,-95.34833333,America/Chicago
14627,RSH,61.775,-161.31944444,America/Anchorage
14628,RSJ,48.63333333,-122.85,America/Los_Angeles
14629,RSL,38.87138889,-98.81166667,America/Chicago
14630,RSN,32.51333333,-92.58833333,America/Chicago
14631,RSP,58.03333333,-153.0,America/Anchorage
14633,RST,43.91,-92.49666667,America/Chicago
14635,RSW,26.53611111,-81.75527778,America/New_York
14638,RTE,55.7,-131.63333333,America/Sitka
14640,RTN,36.74027778,-104.50611111,America/Denver
14641,RTO,34.05638889,-117.365,America/Los_Angeles
14646,RUI,33.46388889,-105.53111111,America/Denver
14648,RUT,43.52972222,-72.94972222,America/New_York
14653,RVS,36.03944444,-95.98472222,America/Chicago
14655,RWB,56.65,-134.28333333,America/Sitka
14656,RWI,35.85638889,-77.89194444,America/New_York
14657,RWL,41.80583333,-107.20027778,America/Denver
14658,RXB,57.46666667,-135.4,America/Sitka
14660,RYE,40.42638889,-104.63,America/Denver
14668,1NC,36.43944444,-77.70944444,America/New_York
14669,S27,48.17861111,-114.30361111,America/Denver
14670,SAA,41.44361111,-106.8275,America/Denver
14672,SAC,38.51277778,-121.49333333,America/Los_Angeles
14673,SAD,32.85333333,-109.635,America/Phoenix
14674,SAF,35.61666667,-106.08916667,America/Denver
14675,SAG,69.36638889,-148.70444444,America/Anchorage
14679,SAN,32.73361111,-117.18972222,America/Los_Angeles
14683,SAT,29.53416667,-98.46944444,America/Chicago
14685,SAV,32.12861111,-81.2,America/New_York
14689,SBA,34.42583333,-119.84111111,America/Los_Angeles
14691,SBD,34.09527778,-117.235,America/Los_Angeles
14695,SBM,43.76972222,-87.85166667,America/Chicago
14696,SBN,41.70833333,-86.31722222,America/Indiana/Indianapolis
14697,SBO,39.02916667,-111.83833333,America/Denver
14698,SBP,35.23694444,-120.64027778,America/Los_Angeles
14699,SBS,40.51638889,-106.86638889,America/Denver
14700,SBT,34.0675,-117.27472222,America/Los_Angeles
14702,SBV,36.70861111,-78.84861111,America/New_York
14704,SBY,38.34194444,-75.50944444,America/New_York
14706,SC1,32.48055556,-80.71916667,America/New_York
14707,SC2,34.31583333,-81.10861111,America/New_York
14708,SC3,33.82861111,-79.12222222,America/New_York
14709,SCC,70.19472222,-148.46527778,America/Anchorage
14711,SCE,40.85,-77.8475,America/New_York
14712,SCF,33.62277778,-111.91055556,America/Phoenix
14713,SCH,42.84861111,-73.93277778,America/New_York
14715,SCJ,55.45472222,-132.35194444,America/Sitka
14716,SCK,37.89472222,-121.24,America/Los_Angeles
14718,SCM,61.84444444,-165.57361111,America/Nome
14726,SD1,44.70055556,-100.10138889,America/Chicago
14730,SDF,38.17416667,-85.73638889,America/Kentucky/Louisville
14736,SDM,32.57194444,-116.98,America/Los_Angeles
14738,SDP,55.31361111,-160.52138889,America/Anchorage
14744,SDX,34.84861111,-111.78833333,America/Phoenix
14745,SDY,47.71138889,-104.19194444,America/Denver
14747,SEA,47.45,-122.31166667,America/Los_Angeles
14749,SEE,32.82611111,-116.9725,America/Los_Angeles
14750,SEF,27.45861111,-81.34305556,America/New_York
14751,SEG,40.82111111,-76.86416667,America/New_York
14753,SEM,32.34388889,-86.98777778,America/Chicago
14756,SER,38.92416667,-85.90972222,America/Indiana/Indianapolis
14757,SES,32.45,-86.95,America/Chicago
14761,SFB,28.77638889,-81.23444444,America/New_York
14764,SFF,47.68305556,-117.3225,America/Los_Angeles
14769,SFM,43.39388889,-70.70805556,America/New_York
14771,SFO,37.61888889,-122.37555556,America/Los_Angeles
14778,SFZ,41.92083333,-71.49138889,America/New_York
14783,SGF,37.24555556,-93.38861111,America/Chicago
14785,SGH,39.83888889,-83.84472222,America/New_York
14792,SGR,29.62222222,-95.65666667,America/Chicago
14793,SGT,34.59944444,-91.575,America/Chicago
14794,SGU,37.03638889,-113.51027778,America/Denver
14795,SGW,56.88333333,-134.15,America/Sitka
14797,SGY,59.46027778,-135.31694444,America/Juneau
14802,SHD,38.26388889,-78.89638889,America/New_York
14804,SHG,66.88805556,-157.1625,America/Anchorage
14805,SHH,66.24944444,-166.08944444,America/Nome
14810,SHN,47.23361111,-123.1475,America/Los_Angeles
14812,SHR,44.77166667,-106.98444444,America/Denver
14814,SHV,32.44694444,-93.82861111,America/Chicago
14816,SHX,62.69222222,-159.56916667,America/Anchorage
14819,SIG,18.45888889,-66.10277778,America/Puerto_Rico
14822,SIK,36.89888889,-89.56166667,America/Chicago
14828,SIT,57.04694444,-135.36111111,America/Sitka
14830,SIY,41.78138889,-122.46805556,America/Los_Angeles
14831,SJC,37.36305556,-121.92861111,America/Los_Angeles
14833,SJF,18.33333333,-64.75,America/St_Thomas
14837,SJN,34.51861111,-109.37888889,America/Phoenix
14842,SJT,31.35777778,-100.49638889,America/Chicago
14843,SJU,18.43944444,-66.00222222,America/Puerto_Rico
14848,SKA,47.615,-117.65583333,America/Los_Angeles
14853,SKF,29.38416667,-98.58111111,America/Chicago
14855,SKJ,56.53277778,-154.11388889,America/Anchorage
14856,SKK,64.37111111,-161.22388889,America/Anchorage
14863,SKW,61.96611111,-151.19527778,America/Anchorage
14865,SKY,41.43333333,-82.65222222,America/New_York
14868,SLB,42.59722222,-95.24055556,America/Chicago
14869,SLC,40.78833333,-111.97777778,America/Denver
14871,SLE,44.91194444,-123.00333333,America/Los_Angeles
14874,SLJ,33.29888889,-111.91583333,America/Phoenix
14875,SLK,44.38055556,-74.21277778,America/New_York
14877,SLN,38.78972222,-97.65444444,America/Chicago
14878,SLO,38.64277778,-88.96416667,America/Chicago
14880,SLQ,61.70055556,-157.16583333,America/Anchorage
14881,SLR,33.15972222,-95.62111111,America/Chicago
14883,SLT,38.53833333,-106.04861111,America/Denver
14892,SME,37.05361111,-84.61555556,America/New_York
14893,SMF,38.69555556,-121.59083333,America/Los_Angeles
14895,SMK,63.49,-162.11027778,America/Nome
14897,SMN,45.12333333,-113.88138889,America/Boise
14898,SMO,34.01583333,-118.45138889,America/Los_Angeles
14899,NJ3,40.62611111,-74.67,America/New_York
14902,SMT,33.81111111,-84.11944444,America/New_York
14903,SMU,61.81138889,-147.50916667,America/Anchorage
14905,SMX,34.90361111,-120.45888889,America/Los_Angeles
14908,SNA,33.67611111,-117.86777778,America/Los_Angeles
14915,SNK,32.69333333,-100.95055556,America/Chicago
14916,SNL,35.35722222,-96.94277778,America/Chicago
14919,SNP,57.16638889,-170.2225,America/Nome
14922,SNS,36.66166667,-121.60444444,America/Los_Angeles
14927,SNY,41.09972222,-102.985,America/Denver
14934,SOL,64.56055556,-164.44222222,America/Nome
14938,SOP,35.2375,-79.38916667,America/New_York
14942,SOV,59.44388889,-151.705,America/Anchorage
14943,SOW,34.26833333,-109.99722222,America/Phoenix
14944,SPA,34.91638889,-81.95583333,America/New_York
14945,SPB,18.33861111,-64.94083333,America/St_Thomas
14949,SPF,44.48111111,-103.78611111,America/Denver
14950,SPG,27.765,-82.62694444,America/New_York
14952,SPI,39.84416667,-89.67833333,America/Chicago
14955,SPN,15.12027778,145.73,Pacific/Saipan
14958,SPQ,33.74861111,-118.275,America/Los_Angeles
14960,SPS,33.98888889,-98.49194444,America/Chicago
14962,SPW,43.16555556,-95.20277778,America/Chicago
14964,SPZ,36.17638889,-94.11916667,America/Chicago
14965,SQA,34.60694444,-120.07555556,America/Los_Angeles
14966,SQI,41.74027778,-89.68083333,America/Chicago
14967,SQL,37.51194444,-122.24944444,America/Los_Angeles
14972,SQV,48.09805556,-123.18805556,America/Los_Angeles
14975,SRC,35.21055556,-91.7375,America/Chicago
14977,SRF,38.06833333,-122.50194444,America/Los_Angeles
14986,SRQ,27.39555556,-82.55444444,America/New_York
14987,SRV,61.78972222,-156.58861111,America/Anchorage
14988,SRW,35.64583333,-80.52027778,America/New_York
14992,SSB,17.74916667,-64.70527778,America/St_Thomas
14993,SSC,33.97277778,-80.47027778,America/New_York
14996,SSI,31.15194444,-81.39111111,America/New_York
14999,SSM,46.48055556,-84.36805556,America/Detroit
15003,SSW,48.67277778,-123.17583333,America/Los_Angeles
15008,STC,45.54611111,-94.05861111,America/Chicago
15010,STE,44.545,-89.53027778,America/Chicago
15011,STF,33.43305556,-88.84861111,America/Chicago
15012,STG,56.60083333,-169.56416667,America/Nome
15014,STJ,39.76333333,-94.90694444,America/Chicago
15015,STK,40.61416667,-103.26416667,America/Denver
15016,STL,38.74861111,-90.37,America/Chicago
15020,STP,44.93472222,-93.06027778,America/Chicago
15021,STQ,41.4125,-78.5025,America/New_York
15023,STS,38.50972222,-122.81305556,America/Los_Angeles
15024,STT,18.33722222,-64.97333333,America/St_Thomas
15027,STX,17.70166667,-64.80194444,America/St_Thomas
15030,SUA,27.18166667,-80.22138889,America/New_York
15032,SUC,44.39027778,-104.39833333,America/Denver
15033,SUE,44.84361111,-87.42166667,America/Chicago
15040,SUM,33.995,-80.36138889,America/New_York
15041,SUN,43.50388889,-114.29555556,America/Boise
15042,SUO,43.87638889,-121.45305556,America/Los_Angeles
15043,SUS,38.66277778,-90.65333333,America/Chicago
15045,SUU,38.26444444,-121.92416667,America/Los_Angeles
15047,SUW,46.68972222,-92.09472222,America/Chicago
15048,SUX,42.40138889,-96.38444444,America/Chicago
15049,SVA,63.68638889,-170.49305556,America/Nome
15051,SVC,32.63666667,-108.15638889,America/Denver
15054,SVH,35.765,-80.95388889,America/New_York
15057,SVN,32.01,-81.14611111,America/New_York
15061,SVS,66.01694444,-149.05444444,America/Anchorage
15063,SVW,61.09722222,-155.57472222,America/Anchorage
15069,SWD,60.13,-149.41666667,America/Anchorage
15070,SWF,41.50416667,-74.10472222,America/New_York
15074,SWO,36.15861111,-97.08666667,America/Chicago
15078,SWW,32.46388889,-100.46777778,America/Chicago
15085,SXP,62.52055556,-164.84777778,America/Nome
15086,SXQ,60.47527778,-151.03972222,America/Anchorage
15089,SXY,42.3025,-75.41583333,America/New_York
15090,SYA,52.71222222,174.11361111,America/Adak
15091,SYB,58.38333333,-152.23333333,America/Anchorage
15093,SYI,35.55944444,-86.4425,America/Chicago
15094,SYN,44.47555556,-93.01638889,America/Chicago
15096,SYR,43.11111111,-76.10638889,America/New_York
15108,SZL,38.73027778,-93.54777778,America/Chicago
15110,SZP,34.34694444,-119.06166667,America/Los_Angeles
15117,TAD,37.25972222,-104.33916667,America/Denver
15124,TAL,65.17444444,-152.10805556,America/Anchorage
15132,TAV,-14.22916667,-169.51111111,Pacific/Pago_Pago
15138,TBN,37.74166667,-92.14083333,America/Chicago
15141,TBR,32.48277778,-81.73694444,America/New_York
15148,TCC,35.18444444,-103.59972222,America/Denver
15153,TCL,33.22444444,-87.60444444,America/Chicago
15154,TCM,47.13777778,-122.47638889,America/Los_Angeles
15159,TCS,33.23527778,-107.27,America/Denver
15160,TCT,62.99305556,-156.02972222,America/Anchorage
15163,TDF,36.28472222,-78.98472222,America/New_York
15164,TDW,35.17,-101.82583333,America/Chicago
15165,TDZ,41.65,-83.53333333,America/New_York
15167,TEB,40.85416667,-74.05916667,America/New_York
15170,TEH,63.12472222,-142.51861111,America/Anchorage
15171,TEK,60.8725,-146.69111111,America/Anchorage
15177,TEX,37.95388889,-107.90888889,America/Denver
15185,TGE,32.49194444,-85.77555556,America/Chicago
15195,THA,35.38,-86.24666667,America/Chicago
15200,THP,43.65833333,-108.21305556,America/Denver
15203,THV,39.91694444,-76.87305556,America/New_York
15211,TIK,35.40916667,-97.38222222,America/Chicago
15215,TIQ,14.99916667,145.61944444,Pacific/Saipan
15220,TIW,47.26805556,-122.57805556,America/Los_Angeles
15221,TIX,28.51472222,-80.79916667,America/New_York
15228,TKA,62.32138889,-150.09277778,America/Anchorage
15231,TKE,57.71666667,-135.2,America/Sitka
15232,TKF,39.31805556,-120.1375,America/Los_Angeles
15235,TKI,55.9375,-133.325,America/Sitka
15236,TKJ,63.32944444,-142.95361111,America/Anchorage
15238,TKL,58.49,-133.94166667,America/Juneau
15245,TLA,65.24027778,-166.33944444,America/Nome
15248,TLF,63.37888889,-153.28416667,America/Anchorage
15249,TLH,30.39666667,-84.35083333,America/New_York
15250,TLJ,62.895,-155.97805556,America/Anchorage
15255,TLR,36.15666667,-119.32666667,America/Los_Angeles
15257,TLT,61.08777778,-160.92333333,America/Anchorage
15259,TMA,31.42944444,-83.48916667,America/New_York
15260,TMB,25.64777778,-80.43361111,America/New_York
15270,TN1,36.19027778,-86.31555556,America/Chicago
15271,TN2,36.05666667,-85.53,America/Chicago
15272,TN3,35.50694444,-86.80388889,America/Chicago
15273,TN4,35.15416667,-87.05694444,America/Chicago
15274,TN5,35.65138889,-88.37888889,America/Chicago
15275,TN6,35.99638889,-89.4075,America/Chicago
15276,TN7,35.1775,-86.06611111,America/Chicago
15278,TNC,65.56416667,-167.9225,America/Nome
15282,TNK,60.56944444,-165.24638889,America/Nome
15284,TNP,34.13166667,-115.94583333,America/Los_Angeles
15286,TNT,25.86166667,-80.89694444,America/New_York
15287,TNU,41.67444444,-93.02166667,America/Chicago
15289,TOA,33.80333333,-118.33972222,America/Los_Angeles
15293,TOG,59.05361111,-160.39666667,America/Anchorage
15295,TOL,41.59083333,-83.80083333,America/New_York
15297,TOP,39.06861111,-95.6225,America/Chicago
15299,TOR,42.06444444,-104.15277778,America/Denver
15304,TPA,27.97555556,-82.53333333,America/New_York
15305,TPB,39.025,-95.75805556,America/Chicago
15307,TPF,27.91555556,-82.44944444,America/New_York
15308,TPH,38.05972222,-117.08666667,America/Los_Angeles
15310,TPL,31.15194444,-97.40777778,America/Chicago
15322,TRH,35.81277778,-117.32694444,America/Los_Angeles
15323,TRI,36.47527778,-82.4075,America/New_York
15325,TRM,33.61805556,-116.15638889,America/Los_Angeles
15339,TSG,63.37416667,-143.32888889,America/Anchorage
15342,TSM,36.45361111,-105.68083333,America/Denver
15344,TSP,35.135,-118.43916667,America/Los_Angeles
15346,TSS,40.7425,-73.97222222,America/New_York
15351,TTD,45.54944444,-122.40138889,America/Los_Angeles
15356,TTN,40.27666667,-74.81333333,America/New_York
15367,TUH,35.3925,-86.08583333,America/Chicago
15370,TUL,36.19833333,-95.88944444,America/Chicago
15374,TUP,34.26888889,-88.77,America/Chicago
15376,TUS,32.125,-110.94972222,America/Phoenix
15380,TVC,44.74166667,-85.58194444,America/Detroit
15381,TVF,48.06555556,-96.185,America/Chicago
15382,TVI,30.90277778,-83.88027778,America/New_York
15383,TVL,38.89388889,-119.99527778,America/Los_Angeles
15385,TWA,59.07444444,-160.275,America/Anchorage
15387,TWD,48.05388889,-122.81055556,America/Los_Angeles
15388,TWE,65.67916667,-164.79888889,America/Nome
15389,TWF,42.48083333,-114.48555556,America/Boise
15390,TWH,33.425,-118.50833333,America/Los_Angeles
15393,TX1,32.74694444,-96.53055556,America/Chicago
15394,TX2,32.97472222,-102.845,America/Chicago
15395,TX3,26.16638889,-97.34666667,America/Chicago
15396,TX4,31.67444444,-99.97694444,America/Chicago
15397,TX5,32.35361111,-97.43388889,America/Chicago
15398,TX6,30.52694444,-98.35888889,America/Chicago
15399,TX7,33.20333333,-101.33833333,America/Chicago
15401,TXK,33.45638889,-93.98916667,America/Chicago
15406,TYE,61.07666667,-151.13805556,America/Anchorage
15411,TYR,32.35388889,-95.40277778,America/Chicago
15412,TYS,35.81111111,-83.99416667,America/New_York
15413,TYZ,34.45277778,-110.115,America/Phoenix
15422,UAM,13.58388889,144.93,Pacific/Guam
15427,UBF,41.68833333,-69.98972222,America/New_York
15430,UBS,33.46527778,-88.38083333,America/Chicago
15431,UCA,43.14138889,-75.38027778,America/New_York
15433,UCY,36.37972222,-88.98583333,America/Chicago
15434,UDD,33.74833333,-116.27472222,America/Los_Angeles
15435,UDG,34.4475,-79.88638889,America/New_York
15440,UES,43.04111111,-88.23694444,America/Chicago
15443,UGA,57.50638889,-157.39166667,America/Anchorage
15444,UGB,57.42527778,-157.74,America/Anchorage
15446,UGI,57.75,-153.31666667,America/Anchorage
15447,UGN,42.42138889,-87.86694444,America/Chicago
15448,UGS,57.52333333,-157.39611111,America/Anchorage
15454,UIN,39.94305556,-91.19444444,America/Chicago
15458,UKI,39.12583333,-123.20083333,America/Los_Angeles
15462,ULM,44.31833333,-94.50166667,America/Chicago
15465,ULS,37.60388889,-101.37361111,America/Chicago
15467,UMB,53.37666667,-167.8875,America/Nome
15470,UMM,63.33111111,-149.12888889,America/Anchorage
15472,UMT,69.37111111,-152.135,America/Anchorage
15478,UNK,63.88333333,-160.79666667,America/Anchorage
15479,UNS,53.22388889,-168.43222222,America/Nome
15481,UOX,34.38444444,-89.53666667,America/Chicago
15484,UPP,20.26527778,-155.86,Pacific/Honolulu
15485,UQE,58.87194444,-158.47166667,America/Anchorage
15494,USI,63.86666667,-148.78333333,America/Anchorage
15497,UST,29.95916667,-81.33972222,America/New_York
15498,UT1,40.48194444,-111.42888889,America/Denver
15502,UTM,34.685,-90.34777778,America/Chicago
15504,UTO,65.99277778,-153.70361111,America/Anchorage
15508,UUK,70.36222222,-149.02833333,America/Anchorage
15511,UVA,29.21138889,-99.74361111,America/Chicago
15515,UXA,68.16666667,-163.2,America/Nome
15517,UXC,46.88388889,-96.35055556,America/Chicago
15518,UXD,37.11333333,-120.24694444,America/Los_Angeles
15519,UXE,45.03055556,-99.11277778,America/Chicago
15520,UXF,43.95027778,-111.68472222,America/Boise
15521,UXG,40.91777778,-109.39055556,America/Denver
15523,UXI,56.17166667,-133.49305556,America/Sitka
15524,UXJ,37.63166667,-84.3325,America/New_York
15525,UXK,38.25777778,-122.60527778,America/Los_Angeles
15526,UXL,68.09722222,-165.76388889,America/Nome
15527,UXM,61.04444444,-158.14527778,America/Anchorage
15528,UXN,37.75083333,-82.63666667,America/New_York
15529,UXO,42.55388889,-71.75916667,America/New_York
15530,UXP,30.36777778,-89.45472222,America/Chicago
15532,UXR,37.01666667,-110.20055556,America/Denver
15533,UXS,37.83277778,-100.34805556,America/Chicago
15534,LPR,41.34416667,-82.17777778,America/New_York
15535,UXU,45.65361111,-84.51916667,America/Detroit
15536,UXV,45.42472222,-117.26472222,America/Los_Angeles
15537,UXW,36.19333333,-85.48694444,America/Chicago
15538,UXX,47.6125,-114.61333333,America/Denver
15539,UXY,47.41833333,-105.56083333,America/Denver
15540,UXZ,47.65611111,-101.43666667,America/Chicago
15545,VA1,36.68694444,-77.48277778,America/New_York
15546,VA2,36.66555556,-76.32055556,America/New_York
15547,VA3,36.89472222,-81.35,America/New_York
15548,VA4,39.07805556,-77.5575,America/New_York
15550,VAD,30.96861111,-83.19305556,America/New_York
15554,VAK,61.54083333,-165.60083333,America/Nome
15561,VBG,34.73722222,-120.58444444,America/Los_Angeles
15565,VCB,55.06666667,-133.01666667,America/Sitka
15569,VCT,28.85416667,-96.91861111,America/Chicago
15570,VCV,34.58388889,-117.38638889,America/Los_Angeles
15574,VDI,32.19277778,-82.37111111,America/New_York
15579,VDZ,61.13416667,-146.24472222,America/Anchorage
15581,VEE,67.00861111,-146.36638889,America/Anchorage
15582,VEL,40.43611111,-109.51138889,America/Denver
15583,VEO,38.42777778,-92.875,America/Chicago
15589,VGT,36.21055556,-115.19416667,America/Los_Angeles
15597,VIH,38.1275,-91.76944444,America/Chicago
15599,VIK,69.67722222,-146.89916667,America/Anchorage
15601,VIS,36.31861111,-119.39277778,America/Los_Angeles
15605,VKS,32.23916667,-90.92805556,America/Chicago
15607,VLD,30.79,-83.275,America/New_York
15615,VNC,27.07138889,-82.44,America/New_York
15618,VNY,34.20972222,-118.49,America/Los_Angeles
15620,VOK,43.93916667,-90.25305556,America/Chicago
15622,GA9,34.12305556,-84.84861111,America/New_York
15624,VPS,30.48333333,-86.52611111,America/Chicago
15625,VPZ,41.45444444,-87.00694444,America/Chicago
15626,VQS,18.13472222,-65.49361111,America/Puerto_Rico
15628,VRB,27.65555556,-80.41805556,America/New_York
15634,VSF,43.34361111,-72.51722222,America/New_York
15637,VTN,42.85666667,-100.54888889,America/Chicago
15639,VUJ,35.41722222,-80.15083333,America/New_York
15640,VUO,45.62055556,-122.65638889,America/Los_Angeles
15646,VWA,31.36416667,-85.3125,America/Chicago
15647,VWB,42.99722222,-123.31527778,America/Los_Angeles
15648,VWC,36.375,-86.40833333,America/Chicago
15649,VWD,36.31666667,-119.62777778,America/Los_Angeles
15650,VWE,47.86611111,-119.94277778,America/Los_Angeles
15651,VWF,43.73361111,-103.61944444,America/Denver
15652,VWG,45.41833333,-123.81444444,America/Los_Angeles
15653,VWH,31.92138889,-102.38722222,America/Chicago
15654,VWI,35.15111111,-118.01666667,America/Los_Angeles
15655,VWJ,33.55944444,-80.64833333,America/New_York
15656,VWK,43.05111111,-73.86138889,America/New_York
15657,VWL,47.37527778,-94.79861111,America/Chicago
15658,VWM,41.48083333,-122.45444444,America/Los_Angeles
15659,VWN,34.14972222,-114.26777778,America/Phoenix
15660,VWO,48.16083333,-122.15916667,America/Los_Angeles
15661,VWP,44.97972222,-114.73472222,America/Boise
15662,VWQ,38.09194444,-121.35833333,America/Los_Angeles
15663,VWR,36.81638889,-118.205,America/Los_Angeles
15664,VWS,37.7475,-97.22111111,America/Chicago
15665,VWT,32.11166667,-84.18666667,America/New_York
15668,VWW,46.38777778,-112.765,America/Denver
15669,VWX,29.35944444,-99.17833333,America/Chicago
15671,VWZ,62.36305556,-156.97416667,America/Anchorage
15675,VYS,41.35027778,-89.15305556,America/Chicago
15676,VZA,60.90611111,-159.63916667,America/Anchorage
15677,VZB,56.00166667,-158.83333333,America/Anchorage
15678,VZC,57.7,-153.47333333,America/Anchorage
15679,VZD,57.85555556,-153.63333333,America/Anchorage
15680,VZE,57.20833333,-154.08611111,America/Anchorage
15681,VZF,58.0,-152.81666667,America/Anchorage
15682,VZG,55.42833333,-162.63,America/Nome
15683,VZH,32.67666667,-95.51083333,America/Chicago
15684,VZI,31.73333333,-85.80472222,America/Chicago
15685,VZJ,44.09388889,-116.91138889,America/Boise
15687,VZL,33.79,-118.05138889,America/Los_Angeles
15688,VZM,57.95,-157.05,America/Anchorage
15689,VZN,56.25,-159.91666667,America/Anchorage
15690,VZO,55.83333333,-159.86666667,America/Anchorage
15692,VZQ,57.73333333,-155.63333333,America/Anchorage
15693,VZR,58.0,-154.96666667,America/Anchorage
15694,VZS,57.96666667,-155.13333333,America/Anchorage
15695,VZT,57.05833333,-157.8,America/Anchorage
15696,VZU,58.75,-160.83333333,America/Anchorage
15697,VZV,58.55277778,-161.76861111,America/Anchorage
15698,VZW,57.71666667,-157.71666667,America/Anchorage
15700,VZY,59.07,-156.04833333,America/Anchorage
15701,VZZ,44.85722222,-93.03277778,America/Chicago
15703,WA2,47.80944444,-119.63694444,America/Los_Angeles
15704,WA3,48.52083333,-122.46527778,America/Los_Angeles
15705,WA4,47.65916667,-117.68166667,America/Los_Angeles
15706,WA5,48.425,-120.14583333,America/Los_Angeles
15707,WA6,48.3,-120.65,America/Los_Angeles
15708,WA7,47.83333333,-120.03333333,America/Los_Angeles
15709,WAA,65.6225,-168.095,America/Nome
15713,WAL,37.94027778,-75.46638889,America/New_York
15714,WAR,41.27472222,-85.84,America/Indiana/Indianapolis
15715,WAS,38.88333333,-77.03333333,America/New_York
15721,WBB,63.51583333,-162.27805556,America/Nome
15722,WBH,34.01666667,-118.13333333,America/Los_Angeles
15724,WBN,42.39722222,-71.15277778,America/New_York
15725,WBQ,66.36222222,-147.40638889,America/Anchorage
15726,WBR,43.72277778,-85.50416667,America/Detroit
15727,WBS,34.62194444,-79.7325,America/New_York
15728,WBY,34.0525,-118.25944444,America/Los_Angeles
15730,WCL,57.46666667,-134.56666667,America/Juneau
15731,WCR,67.50444444,-148.48333333,America/Anchorage
15732,WDB,57.37138889,-156.4125,America/Anchorage
15734,WDG,36.37666667,-97.78805556,America/Chicago
15736,WA8,48.71166667,-123.01833333,America/Los_Angeles
15737,WDR,33.98277778,-83.66722222,America/New_York
15741,WFB,55.35805556,-131.66833333,America/Sitka
15749,WGO,39.14361111,-78.14444444,America/New_York
15751,WFK,47.28555556,-68.31277778,America/New_York
15754,WHD,55.90361111,-130.005,America/Vancouver
15758,WHR,39.61666667,-106.38388889,America/Denver
15759,WHT,29.25416667,-96.15444444,America/Chicago
15760,WI1,44.25083333,-90.85527778,America/Chicago
15761,WI2,45.70888889,-90.4025,America/Chicago
15762,WIB,47.75333333,-118.745,America/Los_Angeles
15769,WJF,34.74111111,-118.21861111,America/Los_Angeles
15774,WKK,59.2825,-158.61777778,America/Anchorage
15775,WKL,19.91361111,-155.86388889,Pacific/Honolulu
15779,WKV,39.96527778,-75.1375,America/New_York
15781,WLB,56.28333333,-133.65,America/Sitka
15782,WLD,37.16861111,-97.0375,America/Chicago
15785,WLK,66.60027778,-159.98583333,America/Anchorage
15786,WLM,42.3675,-71.23472222,America/New_York
15789,WLW,39.51583333,-122.21722222,America/Los_Angeles
15791,WMC,40.89666667,-117.80583333,America/Los_Angeles
15792,WMH,36.36888889,-92.47055556,America/Chicago
15793,WMK,55.74,-132.25333333,America/Sitka
15794,WMO,64.68916667,-163.41277778,America/Nome
15798,WNA,60.69027778,-161.97861111,America/Anchorage
15805,WOD,59.06666667,-134.75,America/Juneau
15807,WOW,61.75416667,-150.05166667,America/Anchorage
15813,WQA,42.65472222,-76.79638889,America/New_York
15814,WQB,46.76805556,-100.89444444,America/North_Dakota/New_Salem
15815,WQC,46.25722222,-114.12388889,America/Denver
15816,WQD,41.89055556,-121.36055556,America/Los_Angeles
15817,WQE,40.49194444,-123.59833333,America/Los_Angeles
15818,WQF,43.64277778,-111.92916667,America/Boise
15819,WQG,34.37694444,-117.31611111,America/Los_Angeles
15820,WQH,41.88722222,-121.97555556,America/Los_Angeles
15821,WQI,46.66138889,-118.83055556,America/Los_Angeles
15822,WQJ,70.8,-158.33333333,America/Anchorage
15823,WQK,46.33111111,-111.4825,America/Denver
15824,WQL,64.59055556,-163.77527778,America/Nome
15825,CWF,30.21055556,-93.14305556,America/Chicago
15826,WQN,37.35833333,-85.30944444,America/New_York
15827,WQO,34.87055556,-118.20555556,America/Los_Angeles
15828,WQP,35.10166667,-120.62222222,America/Los_Angeles
15829,WQQ,43.725,-103.35,America/Denver
15830,WQR,58.73416667,-157.00722222,America/Anchorage
15831,WQS,48.13444444,-105.16222222,America/Denver
15832,WQT,45.29166667,-108.92583333,America/Denver
15833,WQU,34.14555556,-103.41027778,America/Denver
15835,WQW,55.91444444,-161.6375,America/Anchorage
15836,WQX,57.01666667,-153.66666667,America/Anchorage
15837,WQY,58.05277778,-153.05,America/Anchorage
15838,WQZ,56.25555556,-158.77777778,America/Anchorage
15839,WRB,32.64027778,-83.59194444,America/New_York
15841,WRG,56.48444444,-132.36972222,America/Sitka
15842,WRI,40.01555556,-74.59166667,America/New_York
15843,WRL,43.96277778,-107.95055556,America/Denver
15846,WSB,55.51666667,-133.63333333,America/Sitka
15847,WSG,40.13638889,-80.29027778,America/New_York
15848,WSH,40.82194444,-72.86694444,America/New_York
15849,WSI,61.58416667,-149.45666667,America/Anchorage
15850,WSJ,57.73111111,-153.31833333,America/Anchorage
15852,WSM,67.405,-150.12083333,America/Anchorage
15853,WSN,58.70194444,-157.0025,America/Anchorage
15855,WST,41.34972222,-71.80333333,America/New_York
15856,WSX,48.66666667,-122.88333333,America/Los_Angeles
15859,WTC,40.7125,-74.015,America/New_York
15861,WTK,67.56111111,-162.98055556,America/Nome
15862,WTL,60.35111111,-162.65472222,America/Nome
15864,WTR,33.81055556,-109.98583333,America/Phoenix
15866,WTT,60.77722222,-148.72166667,America/Anchorage
15869,WUJ,40.19361111,-110.3825,America/Denver
15870,WUQ,47.00555556,-124.15833333,America/Los_Angeles
15873,WV1,38.29444444,-81.56555556,America/New_York
15874,WVA,38.83333333,-77.11666667,America/New_York
15877,WVI,36.93583333,-121.78972222,America/Los_Angeles
15879,WVL,44.53333333,-69.67555556,America/New_York
15881,WWA,61.57194444,-149.53944444,America/Anchorage
15882,WWD,39.00833333,-74.90861111,America/New_York
15885,WWP,56.11666667,-133.11666667,America/Sitka
15886,WWR,36.43805556,-99.52277778,America/Chicago
15887,WWT,60.81027778,-164.49944444,America/Nome
15892,WY1,42.7975,-109.81111111,America/Denver
15894,WYB,55.91611111,-131.80111111,America/Sitka
15897,WYS,44.68833333,-111.11777778,America/Denver
15907,XES,42.61444444,-88.39,America/Chicago
15915,XMD,44.01638889,-97.08555556,America/Chicago
15919,XNA,36.28166667,-94.30777778,America/Chicago
15927,XRS,38.96194444,-77.35805556,America/New_York
15930,XSD,37.79888889,-116.78083333,America/Los_Angeles
15931,XSM,38.31583333,-76.55222222,America/New_York
15934,A8K,60.96166667,-151.33166667,America/Anchorage
15936,XWC,56.88333333,-156.56666667,America/Anchorage
15938,XWE,47.14472222,-124.18916667,America/Los_Angeles
15939,XWF,42.72666667,-114.45666667,America/Boise
15941,XWH,36.83694444,-108.02861111,America/Denver
15943,XWJ,45.00444444,-69.2375,America/New_York
15944,XWK,47.43222222,-122.66777778,America/Los_Angeles
15945,XWL,43.20916667,-112.34972222,America/Boise
15947,XWN,26.90805556,-80.32833333,America/New_York
15948,XWO,41.18805556,-103.6775,America/Denver
15952,XWS,70.49972222,-149.87944444,America/Anchorage
15953,XWT,57.45,-158.0,America/Anchorage
15954,XWU,32.55833333,-87.30972222,America/Chicago
15956,XWW,43.74277778,-111.09666667,America/Boise
15963,XXD,34.91138889,-100.86944444,America/Chicago
15964,XXE,40.06694444,-74.1775,America/New_York
15966,XXG,42.5,-71.11777778,America/New_York
15971,XXN,39.45138889,-123.37222222,America/Los_Angeles
15972,XXO,37.14027778,-113.30611111,America/Denver
15973,XXP,38.99055556,-122.90083333,America/Los_Angeles
15975,XXR,37.51083333,-120.03944444,America/Los_Angeles
15976,XXS,43.93083333,-123.00666667,America/Los_Angeles
15977,XXT,47.69555556,-114.18527778,America/Denver
15978,XXU,42.19027778,-122.66055556,America/Los_Angeles
15979,XXV,48.49972222,-122.81388889,America/Los_Angeles
15980,LCQ,30.18194444,-82.57694444,America/New_York
15981,XXX,34.54555556,-94.2025,America/Chicago
15982,XXY,40.55388889,-124.13277778,America/Los_Angeles
15983,XXZ,35.08333333,-108.79166667,America/Denver
15991,YAK,59.50888889,-139.65972222,America/Yakutat
16091,YIP,42.24444444,-83.52,America/Detroit
16101,YKM,46.56805556,-120.54416667,America/Los_Angeles
16102,YKN,42.91666667,-97.38583333,America/Chicago
16133,YNG,41.26138889,-80.68083333,America/New_York
16218,YUM,32.65666667,-114.60611111,America/Phoenix
16292,ZBX,36.65166667,-93.34583333,America/Chicago
16311,ZNC,60.98111111,-159.99388889,America/Anchorage
16335,ZXB,35.145,-106.79527778,America/Denver
16336,ZXC,41.84555556,-123.98472222,America/Los_Angeles
16339,ZXF,64.11666667,-157.35,America/Anchorage
16340,ZXH,55.23916667,-132.11416667,America/Sitka
16341,ZXI,55.50055556,-132.4875,America/Sitka
16342,ZXJ,55.48833333,-132.33333333,America/Sitka
16343,ZXK,55.21666667,-132.08638889,America/Sitka
16344,ZXL,55.2,-132.23833333,America/Sitka
16345,ZXM,55.40861111,-132.32916667,America/Sitka
16346,ZXN,55.29888889,-132.145,America/Sitka
16347,ZXO,56.18416667,-133.31055556,America/Sitka
16348,ZXP,56.23722222,-133.18888889,America/Sitka
16352,ZXT,38.77638889,-122.9925,America/Los_Angeles
16353,ZXU,41.59722222,-71.41222222,America/New_York
16354,ZXV,41.44611111,-85.93611111,America/Indiana/Indianapolis
16355,ZXW,39.71055556,-121.61638889,America/Los_Angeles
16356,ZXX,46.21861111,-119.21,America/Los_Angeles
16357,ZXY,38.78555556,-108.06194444,America/Denver
16358,ZXZ,47.65611111,-120.05638889,America/Los_Angeles
16361,ZZV,39.94444444,-81.89222222,America/New_York
16363,FHB,30.61194444,-81.46111111,America/New_York
16390,BVU,61.17277778,-151.04277778,America/Anchorage
16392,KMC,57.13333333,-153.2,America/Anchorage
16396,NEU,60.55,-148.16666667,America/Anchorage
16404,VZL,58.73333333,-156.95,America/Anchorage
16409,SAW,46.35361111,-87.39527778,America/Detroit
16412,TX8,33.48527778,-101.66166667,America/Chicago
16414,MS2,30.4875,-89.65111111,America/Chicago
16419,UOS,35.20527778,-85.89805556,America/Chicago
16422,GUF,30.29027778,-87.67694444,America/Chicago
16423,AL4,31.30833333,-86.39222222,America/Chicago
16424,MI4,44.62527778,-86.20083333,America/Detroit
16425,NY4,44.67666667,-74.94833333,America/New_York
16426,ADT,34.80416667,-96.67111111,America/Chicago
16427,WNC,55.84972222,-133.22777778,America/Sitka
16428,L41,36.81083333,-111.64444444,America/Phoenix
16429,6B0,43.98638889,-73.09555556,America/New_York
16431,U36,42.92111111,-112.88083333,America/Boise
16438,LIA,40.7625,-84.17916667,America/New_York
16440,AUS,30.29805556,-97.70138889,America/Chicago
16441,CT1,41.68944444,-72.86472222,America/New_York
16442,NY5,41.7075,-73.73805556,America/New_York
16445,ID1,43.74277778,-111.09666667,America/Boise
16449,PGR,36.06388889,-90.50916667,America/Chicago
16451,AZ4,33.7875,-113.6425,America/Phoenix
16453,SD2,43.22166667,-99.40333333,America/Chicago
16454,VGC,42.84333333,-75.56111111,America/New_York
16455,AL5,32.46388889,-87.95416667,America/Chicago
16459,S24,41.29583333,-83.03722222,America/New_York
16463,MD1,38.94138889,-76.7725,America/New_York
16468,MS3,32.79916667,-89.12611111,America/Chicago
16469,MN4,46.4475,-95.21138889,America/Chicago
16470,OH8,40.88555556,-83.86861111,America/New_York
16472,AA7,65.67361111,-162.46416667,America/Nome
16473,BEC,37.69388889,-97.215,America/Chicago
16474,GA4,34.17611111,-83.56166667,America/New_York
16479,MA2,42.59166667,-72.52305556,America/New_York
16487,MA3,41.87416667,-71.01527778,America/New_York
16489,AK1,65.77277778,-165.89027778,America/Nome
16490,AK2,60.71027778,-151.72111111,America/Anchorage
16491,PNN,45.20055556,-67.56444444,America/New_York
16495,CT2,41.93277778,-72.77694444,America/New_York
16496,WV2,37.85555556,-81.91583333,America/New_York
16497,AL6,30.46055556,-87.87694444,America/Chicago
16498,NY7,42.91388889,-76.44083333,America/New_York
16499,NY6,42.99805556,-74.32944444,America/New_York
16500,MN5,44.58944444,-92.485,America/Chicago
16501,MPE,41.27111111,-72.54972222,America/New_York
16502,NC6,36.36111111,-78.52972222,America/New_York
16503,ME2,44.3025,-68.91055556,America/New_York
16504,PA3,41.51555556,-75.25166667,America/New_York
16505,AK3,64.19805556,-147.92861111,America/Anchorage
16508,AK4,67.58055556,-148.16472222,America/Anchorage
16509,TN9,35.85777778,-83.52861111,America/New_York
16510,NC7,34.73388889,-76.66027778,America/New_York
16511,IN3,39.93527778,-86.045,America/Indiana/Indianapolis
16512,NY8,40.98694444,-72.51916667,America/New_York
16515,WA9,48.10472222,-119.72,America/Los_Angeles
16517,CA6,34.52888889,-114.43194444,America/Los_Angeles
16519,PA4,40.18777778,-77.17416667,America/New_York
16520,DE2,39.52027778,-75.72055556,America/New_York
16521,BPI,42.58222222,-110.10888889,America/Denver
16524,PGC,38.995,-79.14583333,America/New_York
16525,PA5,39.99,-75.58194444,America/New_York
16526,MA4,42.0975,-70.67305556,America/New_York
16527,MVC,31.45805556,-87.35111111,America/Chicago
16528,VA5,37.70888889,-77.43666667,America/New_York
16532,OH9,41.13138889,-81.765,America/New_York
16534,FL6,26.73527778,-81.05111111,America/New_York
16536,TOI,31.86194444,-86.01194444,America/Chicago
16537,LA1,31.73583333,-93.09916667,America/Chicago
16538,CTZ,34.975,-78.36555556,America/New_York
16539,IN4,39.83083333,-86.29444444,America/Indiana/Indianapolis
16540,ME3,44.40944444,-69.01194444,America/New_York
16541,OBE,27.26666667,-80.85027778,America/New_York
16542,RBW,32.92111111,-80.64055556,America/New_York
16543,MA5,42.32805556,-72.61111111,America/New_York
16547,IA4,41.40111111,-92.94583333,America/Chicago
16548,NH1,42.96138889,-70.83027778,America/New_York
16549,TX9,31.94722222,-99.98583333,America/Chicago
16552,NC8,36.04972222,-79.47305556,America/New_York
16553,ME4,44.1575,-70.48138889,America/New_York
16555,JWY,32.45833333,-96.9125,America/Chicago
16558,LA2,30.52277778,-90.41916667,America/Chicago
16560,OR4,44.09444444,-121.20027778,America/Los_Angeles
16561,AZ5,34.12944444,-109.31083333,America/Phoenix
16563,OEO,45.30944444,-92.69,America/Chicago
16566,NV2,35.76833333,-115.32972222,America/Los_Angeles
16567,7AK,54.14472222,-165.60416667,America/Nome
16568,NJ4,39.26361111,-74.6075,America/New_York
16569,NY9,42.38222222,-77.68222222,America/New_York
16571,1NY,42.63694444,-77.05277778,America/New_York
16572,NV3,35.44444444,-114.90944444,America/Los_Angeles
16573,BBW,41.43638889,-99.64222222,America/Chicago
16577,SC4,33.18472222,-80.03694444,America/New_York
16580,AK5,70.37027778,-150.42111111,America/Anchorage
16581,AK6,64.07138889,-148.0,America/Anchorage
16582,GA5,33.52972222,-82.51694444,America/New_York
16583,SC5,33.06222222,-80.28083333,America/New_York
16584,AK7,65.47722222,-150.05083333,America/Anchorage
16585,NJ5,41.20027778,-74.62305556,America/New_York
16588,VT1,42.92722222,-72.86555556,America/New_York
16589,MN6,48.75277778,-96.94305556,America/Chicago
16594,CT3,41.74416667,-72.18027778,America/New_York
16598,CA7,37.68888889,-121.44166667,America/Los_Angeles
16603,DHB,48.62083333,-123.00305556,America/Los_Angeles
16621,AK8,60.43333333,-151.48333333,America/Anchorage
16624,VT2,44.1175,-72.82694444,America/New_York
16625,NJ6,39.93416667,-74.80722222,America/New_York
16627,ME5,44.42527778,-70.81,America/New_York
16628,WI3,45.13555556,-87.18805556,America/Chicago
16630,AK9,55.73333333,-132.43333333,America/Sitka
16633,ME6,44.50055556,-71.87833333,America/New_York
16634,MQI,42.25,-71.0,America/New_York
16635,NM1,34.645,-106.83361111,America/Denver
16639,AZ6,32.96027778,-112.67361111,America/Phoenix
16640,NC9,34.89138889,-79.75972222,America/New_York
16643,PA6,40.60361111,-79.82611111,America/New_York
16644,CT4,41.56916667,-73.46194444,America/New_York
16647,FAQ,-14.21611111,-169.42361111,Pacific/Pago_Pago
16651,WA1,48.68555556,-122.93472222,America/Los_Angeles
16654,WA3,48.58527778,-123.00861111,America/Los_Angeles
16656,CT5,41.81972222,-71.90083333,America/New_York
16658,GLE,33.65222222,-97.19722222,America/Chicago
16659,KIP,33.86055556,-98.49027778,America/Chicago
16661,NE3,40.89638889,-97.62416667,America/Chicago
16662,AA2,58.70944444,-157.07138889,America/Anchorage
16663,IN6,38.36666667,-85.73805556,America/Kentucky/Louisville
16665,BBD,31.17916667,-99.32388889,America/Chicago
16666,DE3,39.21833333,-75.59666667,America/New_York
16668,A1K,70.13611111,-146.29,America/Anchorage
16669,AL7,33.90194444,-87.31388889,America/Chicago
16672,PA7,39.83055556,-75.76972222,America/New_York
16673,GA6,34.31222222,-84.42222222,America/New_York
16678,WHP,34.25944444,-118.41333333,America/Los_Angeles
16679,MRF,30.37111111,-104.0175,America/Chicago
16680,N1Y,42.90888889,-77.32527778,America/New_York
16681,CT6,41.44555556,-72.45555556,America/New_York
16682,GTY,39.84138889,-77.27472222,America/New_York
16683,MI6,41.99305556,-86.12833333,America/Detroit
16684,PA8,40.20416667,-75.43027778,America/New_York
16688,GA0,32.21638889,-83.12861111,America/New_York
16689,PA9,40.64222222,-79.85611111,America/New_York
16692,MT2,45.87805556,-111.56944444,America/Denver
16694,T2X,34.86083333,-102.32583333,America/Chicago
16695,TN5,36.52,-86.05805556,America/Chicago
16696,A3K,70.76583333,-154.23083333,America/Anchorage
16697,VA6,37.10777778,-79.5925,America/New_York
16698,A4K,64.42138889,-149.89444444,America/Anchorage
16699,JCT,30.51111111,-99.76277778,America/Chicago
16700,C1A,37.54638889,-121.15861111,America/Los_Angeles
16702,T3X,26.85833333,-98.22166667,America/Chicago
16704,NY3,43.18111111,-77.91555556,America/New_York
16706,T4X,30.41361111,-97.665,America/Chicago
16709,T5X,29.3425,-98.85111111,America/Chicago
16710,MD2,38.59694444,-77.0725,America/New_York
16711,NV4,39.66805556,-119.87638889,America/Los_Angeles
16715,N2Y,42.88305556,-76.78222222,America/New_York
16719,N2C,35.0175,-80.62194444,America/New_York
16720,A6K,65.04472222,-145.42305556,America/Anchorage
16721,VA7,38.36527778,-78.95888889,America/New_York
16722,O1H,40.53666667,-81.95583333,America/New_York
16723,A7K,62.03611111,-151.45222222,America/Anchorage
16724,N3Y,43.87722222,-73.41305556,America/New_York
16725,NV5,40.76194444,-119.21083333,America/Los_Angeles
16727,NJ7,40.33,-74.34666667,America/New_York
16728,N3C,35.22222222,-83.42,America/New_York
16729,O2H,40.32888889,-82.52611111,America/New_York
16730,NH2,44.39361111,-71.19805556,America/New_York
16731,NH3,44.08027778,-72.00777778,America/New_York
16736,ME7,44.17333333,-68.68027778,America/New_York
16737,AL8,34.68861111,-86.00583333,America/Chicago
16738,AR3,36.345,-94.21972222,America/Chicago
16739,O3H,39.90111111,-83.13694444,America/New_York
16740,O4H,40.27944444,-83.11333333,America/New_York
16741,T1N,35.20305556,-88.49833333,America/Chicago
16742,IN7,39.6275,-86.08805556,America/Indiana/Indianapolis
16743,MS4,34.36361111,-89.89277778,America/Chicago
16744,IL2,39.07055556,-88.53361111,America/Chicago
16745,T6X,29.805,-95.89777778,America/Chicago
16746,GNT,35.16722222,-107.90194444,America/Denver
16748,DYL,40.33305556,-75.12222222,America/New_York
16749,T7X,31.67861111,-97.3625,America/Chicago
16750,N4C,35.5825,-79.10138889,America/New_York
16751,FL7,26.85361111,-82.2525,America/New_York
16754,N5C,34.27277778,-78.715,America/New_York
16755,T8X,33.17694444,-96.58888889,America/Chicago
16758,BWC,32.99305556,-115.51722222,America/Los_Angeles
16760,BFG,37.54583333,-110.71333333,America/Denver
16761,O5H,41.39111111,-83.63027778,America/New_York
16762,LA3,30.0875,-90.58277778,America/Chicago
16764,FME,39.08527778,-76.75944444,America/New_York
16765,LNR,43.21194444,-90.17972222,America/Chicago
16767,APH,38.06888889,-77.31888889,America/New_York
16769,N6C,35.70416667,-79.50416667,America/New_York
16770,CO1,37.52861111,-106.04583333,America/Denver
16771,RNH,45.14777778,-92.53916667,America/Chicago
16774,VA8,37.40638889,-77.52472222,America/New_York
16775,MO3,37.875,-92.40805556,America/Chicago
16776,T2N,35.21222222,-84.79916667,America/New_York
16777,P1A,39.8075,-79.5475,America/New_York
16778,WI4,43.11444444,-89.53166667,America/Chicago
16780,O6H,40.90305556,-82.25555556,America/New_York
16783,GA7,33.59805556,-83.13833333,America/New_York
16784,KY6,36.76972222,-88.58472222,America/Chicago
16785,T9X,28.52222222,-99.82361111,America/Chicago
16787,RNM,33.03916667,-116.91527778,America/Los_Angeles
16788,OPN,32.955,-84.26416667,America/New_York
16789,VHN,31.05777778,-104.78388889,America/Chicago
16790,AL9,33.17194444,-86.30555556,America/Chicago
16791,TRL,32.70861111,-96.26722222,America/Chicago
16792,NJ8,41.12833333,-74.34666667,America/New_York
16793,WI5,42.615,-89.59027778,America/Chicago
16795,MN7,45.145,-93.21027778,America/Chicago
16796,EST,43.4075,-94.74638889,America/Chicago
16801,P2A,39.93722222,-75.14138889,America/New_York
16802,A5K,63.02444444,-145.50055556,America/Anchorage
16803,A5K,63.02444444,-145.50055556,America/Anchorage
16804,AA9,61.53638889,-158.73888889,America/Anchorage
16805,NE4,40.48194444,-101.81305556,America/Denver
16807,MA6,42.10638889,-71.51,America/New_York
16810,A2L,34.47361111,-85.72138889,America/Chicago
16811,A1L,34.26861111,-86.85805556,America/Chicago
16812,GA8,33.7825,-83.69277778,America/New_York
16813,NH4,43.7675,-71.3875,America/New_York
16815,N4Y,40.84638889,-72.46638889,America/New_York
16816,FL8,29.06694444,-81.28388889,America/New_York
16817,NV6,36.27194444,-115.99527778,America/Los_Angeles
16818,N8K,60.72527778,-151.30222222,America/Anchorage
16819,LA4,30.71833333,-91.47861111,America/Chicago
16820,FFL,41.05583333,-91.98083333,America/Chicago
16821,MI7,42.35138889,-86.25583333,America/Detroit
16823,CO6,38.81416667,-106.12055556,America/Denver
16828,PSQ,39.85888889,-75.29972222,America/New_York
16829,LNA,26.59305556,-80.085,America/New_York
16830,2NY,40.8275,-73.71694444,America/New_York
16831,3NY,40.89861111,-72.41055556,America/New_York
16832,NYS,40.73388889,-73.97277778,America/New_York
16837,AZ7,36.96,-113.01388889,America/Phoenix
16838,VA9,36.78083333,-76.45138889,America/New_York
16839,HNB,38.24888889,-86.95277778,America/Indiana/Vincennes
16840,1TN,35.65638889,-88.19527778,America/Chicago
16842,1GA,33.39,-84.33111111,America/New_York
16843,1CA,38.19333333,-121.70361111,America/Los_Angeles
16844,2CA,35.74555556,-119.23638889,America/Los_Angeles
16846,FL9,27.89333333,-81.62138889,America/New_York
16847,IL3,39.1625,-89.67472222,America/Chicago
16848,2GA,31.21305556,-84.23527778,America/New_York
16849,AIO,41.40388889,-95.04861111,America/Chicago
16850,UT2,40.85833333,-111.93472222,America/Denver
16851,NJ9,39.70555556,-75.03305556,America/New_York
16853,1TX,35.8575,-102.01333333,America/Chicago
16856,VJI,36.68638889,-82.03472222,America/New_York
16857,SSF,29.33694444,-98.47111111,America/Chicago
16860,WI6,44.33333333,-89.01972222,America/Chicago
16861,N1J,40.82,-74.85527778,America/New_York
16863,N5Y,42.56083333,-73.83388889,America/New_York
16865,HDE,40.45194444,-99.33611111,America/Chicago
16867,N6Y,41.72888889,-74.37694444,America/New_York
16868,NH5,43.06138889,-71.90527778,America/New_York
16869,XWA,48.25972222,-103.75055556,America/Chicago
16871,CT7,41.38361111,-72.50583333,America/New_York
16872,LA5,29.44111111,-90.26111111,America/Chicago
16873,NM2,32.98944444,-106.96944444,America/Denver
16875,3GA,31.3975,-84.89472222,America/New_York
16876,SC6,32.70055556,-80.00305556,America/New_York
16879,T4X,30.78416667,-98.66,America/Chicago
16880,3TX,32.5775,-96.7175,America/Chicago
16883,N7C,36.2975,-77.17083333,America/New_York
16886,AR4,35.11999999,-90.82638889,America/Chicago
16897,2TX,30.21972222,-96.37444444,America/Chicago
16898,2TN,35.48611111,-84.93111111,America/New_York
16900,4TX,29.27722222,-103.68583333,America/Chicago
16901,2FL,26.84583333,-80.22222222,America/New_York
16902,BMT,30.07027778,-94.215,America/Chicago
16903,ME8,44.91,-67.01277778,America/New_York
16904,4NY,41.81916667,-73.64333333,America/New_York
16905,UT3,40.145,-111.66777778,America/Denver
16906,ID3,48.29944444,-116.56027778,America/Los_Angeles
16907,3CA,40.08555556,-123.81416667,America/Los_Angeles
16908,1WA,47.96138889,-117.43111111,America/Los_Angeles
16909,5TX,26.44166667,-98.12222222,America/Chicago
16910,LOW,38.00972222,-77.97,America/New_York
16911,ID4,43.64194444,-116.63583333,America/Boise
16913,4GA,33.91972221,-84.85277778,America/New_York
16914,4CL,34.62555556,-117.59833333,America/Los_Angeles
16915,MO4,38.35472222,-93.67916667,America/Chicago
16916,6TX,29.74555556,-99.76083333,America/Chicago
16917,HPY,29.78611111,-94.95277778,America/Chicago
16918,CO7,40.04888889,-107.88583333,America/Denver
16919,7TX,32.92333333,-98.43694444,America/Chicago
16920,4CA,38.53138889,-121.78638889,America/Los_Angeles
16922,IN9,38.70083333,-87.13138889,America/Indiana/Vincennes
16923,1AK,60.81833333,-164.51888889,America/Nome
16924,N2J,40.58083333,-74.73555556,America/New_York
16925,5NY,44.85361111,-74.32888889,America/New_York
16926,8TX,31.485,-97.31666667,America/Chicago
16927,N8C,33.93083333,-78.07333333,America/New_York
16934,2NC,35.65444444,-79.89472222,America/New_York
16935,LNN,41.68416667,-81.38972222,America/New_York
16936,MT3,45.27583333,-111.64888889,America/Denver
16937,ME9,45.46277778,-69.55166667,America/New_York
16938,ETB,43.42222222,-88.12805556,America/Chicago
16940,3TN,36.37166667,-82.17277778,America/New_York
16941,MO5,39.77138888,-93.01277778,America/Chicago
16942,9TX,31.83166667,-94.15638889,America/Chicago
16947,T82,30.24333333,-98.90916667,America/Chicago
16948,MKN,31.92027778,-98.59916667,America/Chicago
16951,1VA,38.58638889,-77.71055556,America/New_York
16952,MS5,33.7625,-90.75805556,America/Chicago
16953,HTV,30.74694444,-95.58722222,America/Chicago
16954,BNH,42.35138889,-71.025,America/New_York
16955,6NY,41.00888889,-72.27527778,America/New_York
16956,7NY,41.07916667,-72.33916667,America/New_York
16957,8NY,41.0161111,-72.33916667,America/New_York
16958,XT1,29.70583333,-98.04333333,America/Chicago
16959,1PA,39.95916667,-79.6575,America/New_York
16961,XT2,33.17388889,-97.82833333,America/Chicago
16962,XT3,32.44305556,-97.82138889,America/Chicago
16964,SD3,43.36833333,-103.38833333,America/Denver
16965,9NY,41.09277778,-72.31583333,America/New_York
16966,N7Y,41.08666667,-72.32638889,America/New_York
16967,CT8,41.0025,-73.6325,America/New_York
16968,NM3,34.97805556,-106.0,America/Denver
16969,NV7,39.40305556,-119.25111111,America/Los_Angeles
16972,SD4,44.41861111,-103.37777778,America/Denver
16973,AZ8,31.90916667,-111.12083333,America/Phoenix
16974,MD3,39.56777778,-76.20305556,America/New_York
16975,AZ9,32.93861111,-111.425,America/Phoenix
16976,MLJ,33.15416667,-83.24138889,America/New_York
16978,KY7,38.215,-83.5875,America/New_York
16979,MS6,31.29777778,-89.81138889,America/Chicago
16980,2VA,37.31277777,-76.63833333,America/New_York
16982,2AK,56.51972222,-134.67944444,America/Sitka
16983,2WK,47.3475,-118.67722222,America/Los_Angeles
16984,XT4,28.15444444,-96.97694444,America/Chicago
16985,A9K,63.7375,-148.88277778,America/Anchorage
16986,PHK,26.785,-80.69333333,America/New_York
16987,BKT,37.07472222,-77.95194444,America/New_York
16990,1NJ,41.0086111,-74.73805556,America/New_York
16991,3NC,35.30749999,-82.43305556,America/New_York
16992,3AK,64.40972222,-155.49111111,America/Anchorage
16993,MN8,47.15944444,-94.64527778,America/Chicago
16994,4AK,64.75916667,-147.38777778,America/Anchorage
16995,5AK,60.41194444,-149.36944444,America/Anchorage
16999,PR1,18.01305556,-67.14555556,America/Puerto_Rico
17000,CT9,41.5086111,-72.82944444,America/New_York
17002,5GA,34.45527778,-84.93916667,America/New_York
17004,OR5,45.24666667,-120.16638889,America/Los_Angeles
17005,UNU,43.42638889,-88.70388889,America/Chicago
17007,6GA,34.49972222,-83.55666667,America/New_York
17008,2NJ,39.65555556,-75.01444444,America/New_York
17011,6AK,60.92361111,-164.65611111,America/Nome
17012,3FL,27.515,-81.88055556,America/New_York
17013,TXX,29.69,-95.84055556,America/Chicago
17014,SC7,32.99499999,-81.27027778,America/New_York
17020,5CA,34.56666667,-117.67083333,America/Los_Angeles
17021,3NJ,39.94194444,-75.12833333,America/New_York
17022,4NJ,39.47916667,-74.53944444,America/New_York
17023,5NJ,40.73333333,-74.17194444,America/New_York
17024,2PA,39.90333333,-75.16361111,America/New_York
17025,6NJ,39.36222222,-74.41611111,America/New_York
17026,MD4,39.49361111,-76.17444444,America/New_York
17027,7NJ,40.81555556,-74.07055556,America/New_York
17028,MD5,39.29583333,-76.59194444,America/New_York
17029,3PA,40.06944444,-75.30222222,America/New_York
17030,4PA,40.07083333,-74.93361111,America/New_York
17031,1CT,42.01305556,-72.4725,America/New_York
17033,OXD,39.50222222,-84.78444444,America/New_York
17035,6CA,39.26194444,-123.75388889,America/Los_Angeles
17036,4FL,30.59777778,-84.5575,America/New_York
17037,2WA,47.28333333,-122.47361111,America/Los_Angeles
17039,4NC,35.19527778,-83.86305556,America/New_York
17040,N8Y,42.2661111,-74.135,America/New_York
17042,8NJ,40.73166667,-74.11666667,America/New_York
17043,NH6,43.38722222,-72.1875,America/New_York
17044,MD6,39.57416666,-75.86972222,America/New_York
17045,WI7,43.52194444,-89.77111111,America/Chicago
17047,MDN,38.76,-85.46472222,America/Indiana/Indianapolis
17048,3VA,37.52138888,-76.76277778,America/New_York
17049,5PA,40.57027778,-75.48833333,America/New_York
17050,OWK,44.71555556,-69.86638889,America/New_York
17051,5FL,29.64444444,-84.91555556,America/New_York
17052,6PA,39.97305556,-77.64333333,America/New_York
17053,8AK,70.11083333,-152.12972222,America/Anchorage
17054,MO6,38.95916667,-94.37194444,America/Chicago
17058,BXK,33.4225,-112.68611111,America/Phoenix
17059,N9Y,42.84277778,-76.44527778,America/New_York
17060,7CA,38.90916667,-121.35138889,America/Los_Angeles
17062,6FL,27.19527778,-81.83833333,America/New_York
17063,2OH,40.31027778,-81.8525,America/New_York
17064,KY8,37.84972221,-83.84583333,America/New_York
17065,7FL,26.64666667,-80.295,America/New_York
17074,FRH,38.50611111,-86.63694444,America/Indiana/Indianapolis
17075,JVI,40.52444444,-74.59833333,America/New_York
17076,8FL,29.84638889,-82.04083333,America/New_York
17077,9AK,61.63944444,-149.28388889,America/Anchorage
17078,IL4,39.63888888,-90.77861111,America/Chicago
17079,N40,40.56583332,-74.97944444,America/New_York
17086,AFM,67.10666667,-157.85722222,America/Anchorage
17089,T44,57.78083333,-152.39138889,America/Anchorage
17133,4PN,41.42083333,-76.53444444,America/New_York
17155,ANW,42.57916667,-99.99305556,America/Chicago
17163,05K,60.19861111,-154.32305556,America/Anchorage
17177,JPX,40.95944444,-72.25166667,America/New_York
17186,RVR,38.96166667,-110.22722222,America/Denver
17192,81W,48.51638889,-122.91805556,America/Los_Angeles
17193,EWU,60.81027778,-164.44944444,America/Nome
17195,9DA,40.35222222,-76.32972222,America/New_York
17210,COI,28.34166667,-80.68555556,America/New_York
17215,2F5,32.75611111,-101.92,America/Chicago
17228,3J1,32.49333333,-80.99166667,America/New_York
17229,6A1,32.56805556,-84.26472222,America/New_York
17231,SCA,40.24138889,-84.15083333,America/New_York
17232,ADG,41.86777777,-84.07722222,America/Detroit
17243,FKN,36.69805556,-76.90388889,America/New_York
17244,W29,38.97638889,-76.32972222,America/New_York
17245,W95,35.10111111,-75.96583333,America/New_York
17246,22I,40.72611111,-91.07,America/Chicago
17247,D32,38.975,-75.61666667,America/New_York
17248,NRP,31.84555556,-86.61055556,America/Chicago
